,Geo_Type,Geo_Name,Geo_ID,UnemploymentRate_ESRI,UnemploymentRate_BLS,Unemployment_Adjustment
0,US.States,Alabama,01,12.6,6.5,0.5158730158730159
1,US.States,Alaska,02,15.6,6.5,0.4166666666666667
2,US.States,Arizona,04,12.3,6.6,0.5365853658536585
3,US.States,Arkansas,05,11.5,7.0,0.6086956521739131
4,US.States,California,06,15.7,10.7,0.6815286624203821
5,US.States,Colorado,08,7.6,6.2,0.8157894736842106
6,US.States,Connecticut,09,9.6,7.5,0.78125
7,US.States,Delaware,10,14.3,8.3,0.5804195804195804
8,US.States,District of Columbia,11,15.9,9.2,0.5786163522012578
9,US.States,Florida,12,8.2,7.2,0.878048780487805
10,US.States,Georgia,13,14.1,6.2,0.4397163120567376
11,US.States,Hawaii,15,19.3,15.2,0.7875647668393781
12,US.States,Idaho,16,11.7,5.6,0.47863247863247865
13,US.States,Illinois,17,11.8,10.0,0.847457627118644
14,US.States,Indiana,18,13.4,5.8,0.43283582089552236
15,US.States,Iowa,19,11.9,4.4,0.3697478991596639
16,US.States,Kansas,20,11.9,5.6,0.4705882352941176
17,US.States,Kentucky,21,17.3,5.2,0.30057803468208094
18,US.States,Louisiana,22,18.0,8.1,0.44999999999999996
19,US.States,Maine,23,13.7,5.4,0.3941605839416059
20,US.States,Maryland,24,10.7,7.3,0.6822429906542057
21,US.States,Massachusetts,25,15.0,9.7,0.6466666666666666
22,US.States,Michigan,26,20.9,8.2,0.3923444976076555
23,US.States,Minnesota,27,13.7,5.4,0.3941605839416059
24,US.States,Mississippi,28,13.0,6.9,0.5307692307692308
25,US.States,Missouri,29,11.7,4.3,0.36752136752136755
26,US.States,Montana,30,12.9,4.6,0.3565891472868217
27,US.States,Nebraska,31,9.1,3.4,0.37362637362637363
28,US.States,Nevada,32,19.1,12.4,0.6492146596858639
29,US.States,New Hampshire,33,15.2,5.5,0.3618421052631579
30,US.States,New Jersey,34,15.1,6.5,0.43046357615894043
31,US.States,New Mexico,35,12.8,9.9,0.7734375
32,US.States,New York,36,12.1,9.3,0.7685950413223142
33,US.States,North Carolina,37,11.6,6.9,0.5948275862068966
34,US.States,North Dakota,38,10.1,3.8,0.37623762376237624
35,US.States,Ohio,39,15.3,8.0,0.5228758169934641
36,US.States,Oklahoma,40,10.4,5.3,0.5096153846153846
37,US.States,Oregon,41,9.9,7.4,0.7474747474747475
38,US.States,Pennsylvania,42,20.6,7.8,0.37864077669902907
39,US.States,Rhode Island,44,19.5,10.2,0.523076923076923
40,US.States,South Carolina,45,10.7,4.9,0.4579439252336449
41,US.States,South Dakota,46,6.6,3.8,0.5757575757575758
42,US.States,Tennessee,47,11.4,6.4,0.5614035087719298
43,US.States,Texas,48,9.2,8.2,0.8913043478260869
44,US.States,Utah,49,7.6,4.7,0.618421052631579
45,US.States,Vermont,50,12.6,4.2,0.33333333333333337
46,US.States,Virginia,51,10.0,6.1,0.61
47,US.States,Washington,53,15.5,7.8,0.5032258064516129
48,US.States,West Virginia,54,9.8,7.9,0.8061224489795918
49,US.States,Wisconsin,55,11.8,4.6,0.38983050847457623
50,US.States,Wyoming,56,8.7,5.6,0.6436781609195402
51,US.CBSA,"Aberdeen, SD Micropolitan Statistical Area",10100,4.6,3.4,0.7391304347826088
52,US.CBSA,"Aberdeen, WA Micropolitan Statistical Area",10140,18.4,11.4,0.6195652173913044
53,US.CBSA,"Abilene, TX Metropolitan Statistical Area",10180,8.5,5.8,0.6823529411764706
54,US.CBSA,"Ada, OK Micropolitan Statistical Area",10220,9.6,4.3,0.4479166666666667
55,US.CBSA,"Adrian, MI Micropolitan Statistical Area",10300,19.1,6.7,0.3507853403141361
56,US.CBSA,"Akron, OH Metropolitan Statistical Area",10420,15.7,8.0,0.5095541401273885
57,US.CBSA,"Alamogordo, NM Micropolitan Statistical Area",10460,15.1,10.1,0.6688741721854304
58,US.CBSA,"Albany, GA Metropolitan Statistical Area",10500,17.0,7.5,0.4411764705882353
59,US.CBSA,"Albany-Lebanon, OR Metropolitan Statistical Area",10540,10.9,7.7,0.7064220183486238
60,US.CBSA,"Albany-Schenectady-Troy, NY Metropolitan Statistical Area",10580,11.2,5.4,0.4821428571428572
61,US.CBSA,"Albemarle, NC Micropolitan Statistical Area",10620,11.8,5.7,0.4830508474576271
62,US.CBSA,"Albert Lea, MN Micropolitan Statistical Area",10660,13.5,4.4,0.32592592592592595
63,US.CBSA,"Albertville, AL Micropolitan Statistical Area",10700,10.8,4.0,0.37037037037037035
64,US.CBSA,"Albuquerque, NM Metropolitan Statistical Area",10740,12.2,9.5,0.778688524590164
65,US.CBSA,"Alexander City, AL Micropolitan Statistical Area",10760,12.6,7.1,0.5634920634920635
66,US.CBSA,"Alexandria, LA Metropolitan Statistical Area",10780,17.9,6.0,0.335195530726257
67,US.CBSA,"Alexandria, MN Micropolitan Statistical Area",10820,12.3,3.3,0.26829268292682923
68,US.CBSA,"Alice, TX Micropolitan Statistical Area",10860,8.9,14.5,1.6292134831460674
69,US.CBSA,"Allentown-Bethlehem-Easton, PA-NJ Metropolitan Statistical Area",10900,20.3,7.5,0.3694581280788177
70,US.CBSA,"Alma, MI Micropolitan Statistical Area",10940,20.1,6.1,0.30348258706467657
71,US.CBSA,"Alpena, MI Micropolitan Statistical Area",10980,20.4,6.4,0.3137254901960785
72,US.CBSA,"Altoona, PA Metropolitan Statistical Area",11020,21.3,6.7,0.3145539906103286
73,US.CBSA,"Altus, OK Micropolitan Statistical Area",11060,9.5,3.4,0.35789473684210527
74,US.CBSA,"Amarillo, TX Metropolitan Statistical Area",11100,8.3,5.1,0.6144578313253011
75,US.CBSA,"Americus, GA Micropolitan Statistical Area",11140,14.7,6.5,0.44217687074829937
76,US.CBSA,"Ames, IA Metropolitan Statistical Area",11180,13.5,2.8,0.2074074074074074
77,US.CBSA,"Amsterdam, NY Micropolitan Statistical Area",11220,12.2,6.6,0.5409836065573771
78,US.CBSA,"Anchorage, AK Metropolitan Statistical Area",11260,15.2,6.5,0.4276315789473684
79,US.CBSA,"Andrews, TX Micropolitan Statistical Area",11380,7.3,9.0,1.2328767123287672
80,US.CBSA,"Angola, IN Micropolitan Statistical Area",11420,13.4,4.4,0.3283582089552239
81,US.CBSA,"Ann Arbor, MI Metropolitan Statistical Area",11460,19.2,6.1,0.3177083333333333
82,US.CBSA,"Anniston-Oxford, AL Metropolitan Statistical Area",11500,15.0,7.6,0.5066666666666666
83,US.CBSA,"Appleton, WI Metropolitan Statistical Area",11540,10.3,3.7,0.3592233009708738
84,US.CBSA,"Arcadia, FL Micropolitan Statistical Area",11580,7.0,3.7,0.5285714285714286
85,US.CBSA,"Ardmore, OK Micropolitan Statistical Area",11620,10.9,5.6,0.5137614678899082
86,US.CBSA,"Arkadelphia, AR Micropolitan Statistical Area",11660,11.6,6.3,0.5431034482758621
87,US.CBSA,"Asheville, NC Metropolitan Statistical Area",11700,10.7,6.9,0.6448598130841122
88,US.CBSA,"Ashland, OH Micropolitan Statistical Area",11740,13.0,5.6,0.43076923076923074
89,US.CBSA,"Ashtabula, OH Micropolitan Statistical Area",11780,14.9,8.0,0.5369127516778524
90,US.CBSA,"Astoria, OR Micropolitan Statistical Area",11820,11.5,7.6,0.6608695652173913
91,US.CBSA,"Atchison, KS Micropolitan Statistical Area",11860,13.6,6.2,0.4558823529411765
92,US.CBSA,"Athens, OH Micropolitan Statistical Area",11900,18.9,7.0,0.3703703703703704
93,US.CBSA,"Athens, TN Micropolitan Statistical Area",11940,13.7,5.8,0.4233576642335766
94,US.CBSA,"Athens, TX Micropolitan Statistical Area",11980,8.9,7.1,0.797752808988764
95,US.CBSA,"Athens-Clarke County, GA Metropolitan Statistical Area",12020,14.2,4.9,0.3450704225352113
96,US.CBSA,"Atlanta-Sandy Springs-Alpharetta, GA Metropolitan Statistical Area",12060,13.7,6.6,0.48175182481751827
97,US.CBSA,"Atlantic City-Hammonton, NJ Metropolitan Statistical Area",12100,21.2,10.1,0.47641509433962265
98,US.CBSA,"Atmore, AL Micropolitan Statistical Area",12120,16.7,6.6,0.39520958083832336
99,US.CBSA,"Auburn, IN Micropolitan Statistical Area",12140,12.3,4.8,0.39024390243902435
100,US.CBSA,"Auburn, NY Micropolitan Statistical Area",12180,11.0,5.3,0.4818181818181818
101,US.CBSA,"Auburn-Opelika, AL Metropolitan Statistical Area",12220,12.4,5.6,0.4516129032258064
102,US.CBSA,"Augusta-Richmond County, GA-SC Metropolitan Statistical Area",12260,13.5,5.2,0.3851851851851852
103,US.CBSA,"Augusta-Waterville, ME Micropolitan Statistical Area",12300,14.1,,
104,US.CBSA,"Austin, MN Micropolitan Statistical Area",12380,12.7,4.2,0.33070866141732286
105,US.CBSA,"Austin-Round Rock-Georgetown, TX Metropolitan Statistical Area",12420,8.4,6.3,0.75
106,US.CBSA,"Bainbridge, GA Micropolitan Statistical Area",12460,11.3,4.7,0.415929203539823
107,US.CBSA,"Bakersfield, CA Metropolitan Statistical Area",12540,16.1,12.1,0.7515527950310558
108,US.CBSA,"Baltimore-Columbia-Towson, MD Metropolitan Statistical Area",12580,10.4,7.1,0.6826923076923076
109,US.CBSA,"Bangor, ME Metropolitan Statistical Area",12620,14.9,4.9,0.3288590604026846
110,US.CBSA,"Baraboo, WI Micropolitan Statistical Area",12660,12.6,4.6,0.36507936507936506
111,US.CBSA,"Bardstown, KY Micropolitan Statistical Area",12680,16.6,4.3,0.2590361445783132
112,US.CBSA,"Barnstable Town, MA Metropolitan Statistical Area",12700,15.5,9.3,0.6000000000000001
113,US.CBSA,"Barre, VT Micropolitan Statistical Area",12740,11.8,3.3,0.2796610169491525
114,US.CBSA,"Bartlesville, OK Micropolitan Statistical Area",12780,9.0,5.0,0.5555555555555556
115,US.CBSA,"Batavia, NY Micropolitan Statistical Area",12860,10.5,4.7,0.44761904761904764
116,US.CBSA,"Batesville, AR Micropolitan Statistical Area",12900,11.1,5.7,0.5135135135135136
117,US.CBSA,"Baton Rouge, LA Metropolitan Statistical Area",12940,17.1,7.0,0.4093567251461988
118,US.CBSA,"Battle Creek, MI Metropolitan Statistical Area",12980,21.7,8.6,0.39631336405529954
119,US.CBSA,"Bay City, MI Metropolitan Statistical Area",13020,21.0,7.5,0.35714285714285715
120,US.CBSA,"Bay City, TX Micropolitan Statistical Area",13060,9.6,11.5,1.1979166666666667
121,US.CBSA,"Beatrice, NE Micropolitan Statistical Area",13100,7.3,2.9,0.3972602739726027
122,US.CBSA,"Beaumont-Port Arthur, TX Metropolitan Statistical Area",13140,8.8,12.3,1.3977272727272727
123,US.CBSA,"Beaver Dam, WI Micropolitan Statistical Area",13180,11.2,3.6,0.32142857142857145
124,US.CBSA,"Beckley, WV Metropolitan Statistical Area",13220,9.6,8.7,0.90625
125,US.CBSA,"Bedford, IN Micropolitan Statistical Area",13260,11.9,5.6,0.4705882352941176
126,US.CBSA,"Beeville, TX Micropolitan Statistical Area",13300,8.7,11.6,1.3333333333333335
127,US.CBSA,"Bellefontaine, OH Micropolitan Statistical Area",13340,14.4,6.2,0.4305555555555556
128,US.CBSA,"Bellingham, WA Metropolitan Statistical Area",13380,17.5,8.8,0.5028571428571429
129,US.CBSA,"Bemidji, MN Micropolitan Statistical Area",13420,16.8,4.5,0.26785714285714285
130,US.CBSA,"Bend, OR Metropolitan Statistical Area",13460,9.3,6.9,0.7419354838709677
131,US.CBSA,"Bennettsville, SC Micropolitan Statistical Area",13500,16.3,8.5,0.5214723926380368
132,US.CBSA,"Bennington, VT Micropolitan Statistical Area",13540,13.1,4.8,0.366412213740458
133,US.CBSA,"Berlin, NH Micropolitan Statistical Area",13620,18.7,6.1,0.3262032085561497
134,US.CBSA,"Big Rapids, MI Micropolitan Statistical Area",13660,21.8,7.2,0.3302752293577982
135,US.CBSA,"Big Spring, TX Micropolitan Statistical Area",13700,9.5,8.9,0.9368421052631579
136,US.CBSA,"Big Stone Gap, VA Micropolitan Statistical Area",13720,12.9,7.3,0.5658914728682171
137,US.CBSA,"Billings, MT Metropolitan Statistical Area",13740,12.9,4.4,0.34108527131782945
138,US.CBSA,"Binghamton, NY Metropolitan Statistical Area",13780,12.2,5.6,0.45901639344262296
139,US.CBSA,"Birmingham-Hoover, AL Metropolitan Statistical Area",13820,12.0,6.3,0.525
140,US.CBSA,"Bismarck, ND Metropolitan Statistical Area",13900,8.7,3.0,0.3448275862068966
141,US.CBSA,"Blackfoot, ID Micropolitan Statistical Area",13940,9.8,3.9,0.39795918367346933
142,US.CBSA,"Blacksburg-Christiansburg, VA Metropolitan Statistical Area",13980,10.9,4.8,0.4403669724770642
143,US.CBSA,"Bloomington, IL Metropolitan Statistical Area",14010,10.2,6.3,0.6176470588235294
144,US.CBSA,"Bloomington, IN Metropolitan Statistical Area",14020,15.1,4.6,0.304635761589404
145,US.CBSA,"Bloomsburg-Berwick, PA Metropolitan Statistical Area",14100,20.0,5.8,0.29
146,US.CBSA,"Bluefield, WV-VA Micropolitan Statistical Area",14140,10.3,8.9,0.8640776699029126
147,US.CBSA,"Blytheville, AR Micropolitan Statistical Area",14180,14.8,10.3,0.6959459459459459
148,US.CBSA,"Bogalusa, LA Micropolitan Statistical Area",14220,21.3,8.3,0.38967136150234744
149,US.CBSA,"Boise City, ID Metropolitan Statistical Area",14260,11.8,6.0,0.5084745762711864
150,US.CBSA,"Bonham, TX Micropolitan Statistical Area",14300,7.2,4.8,0.6666666666666666
151,US.CBSA,"Boone, NC Micropolitan Statistical Area",14380,14.2,4.6,0.323943661971831
152,US.CBSA,"Borger, TX Micropolitan Statistical Area",14420,8.7,7.6,0.8735632183908046
153,US.CBSA,"Boston-Cambridge-Newton, MA-NH Metropolitan Statistical Area",14460,14.7,9.3,0.6326530612244898
154,US.CBSA,"Boulder, CO Metropolitan Statistical Area",14500,7.7,5.3,0.6883116883116883
155,US.CBSA,"Bowling Green, KY Metropolitan Statistical Area",14540,17.4,4.7,0.2701149425287357
156,US.CBSA,"Bozeman, MT Micropolitan Statistical Area",14580,11.9,3.7,0.31092436974789917
157,US.CBSA,"Bradford, PA Micropolitan Statistical Area",14620,21.1,7.3,0.3459715639810426
158,US.CBSA,"Brainerd, MN Micropolitan Statistical Area",14660,14.1,5.5,0.3900709219858156
159,US.CBSA,"Branson, MO Micropolitan Statistical Area",14700,14.5,5.9,0.40689655172413797
160,US.CBSA,"Breckenridge, CO Micropolitan Statistical Area",14720,9.1,8.1,0.8901098901098901
161,US.CBSA,"Bremerton-Silverdale-Port Orchard, WA Metropolitan Statistical Area",14740,16.2,7.5,0.46296296296296297
162,US.CBSA,"Brenham, TX Micropolitan Statistical Area",14780,9.1,6.0,0.6593406593406593
163,US.CBSA,"Brevard, NC Micropolitan Statistical Area",14820,11.8,5.3,0.4491525423728813
164,US.CBSA,"Bridgeport-Stamford-Norwalk, CT Metropolitan Statistical Area",14860,9.8,7.9,0.8061224489795918
165,US.CBSA,"Brookhaven, MS Micropolitan Statistical Area",15020,11.7,6.3,0.5384615384615384
166,US.CBSA,"Brookings, OR Micropolitan Statistical Area",15060,11.4,7.5,0.6578947368421052
167,US.CBSA,"Brookings, SD Micropolitan Statistical Area",15100,6.9,3.4,0.49275362318840576
168,US.CBSA,"Brownsville, TN Micropolitan Statistical Area",15140,12.4,8.8,0.7096774193548387
169,US.CBSA,"Brownsville-Harlingen, TX Metropolitan Statistical Area",15180,10.6,10.9,1.028301886792453
170,US.CBSA,"Brownwood, TX Micropolitan Statistical Area",15220,7.7,6.9,0.8961038961038962
171,US.CBSA,"Brunswick, GA Metropolitan Statistical Area",15260,15.8,6.1,0.38607594936708856
172,US.CBSA,"Bucyrus-Galion, OH Micropolitan Statistical Area",15340,15.3,7.8,0.5098039215686274
173,US.CBSA,"Buffalo-Cheektowaga, NY Metropolitan Statistical Area",15380,11.8,6.6,0.559322033898305
174,US.CBSA,"Burley, ID Micropolitan Statistical Area",15420,9.5,3.8,0.39999999999999997
175,US.CBSA,"Burlington, IA-IL Micropolitan Statistical Area",15460,12.4,5.9,0.47580645161290325
176,US.CBSA,"Burlington, NC Metropolitan Statistical Area",15500,10.7,6.8,0.6355140186915889
177,US.CBSA,"Burlington-South Burlington, VT Metropolitan Statistical Area",15540,12.3,3.8,0.30894308943089427
178,US.CBSA,"Butte-Silver Bow, MT Micropolitan Statistical Area",15580,13.2,5.5,0.4166666666666667
179,US.CBSA,"Cadillac, MI Micropolitan Statistical Area",15620,20.5,6.8,0.33170731707317075
180,US.CBSA,"Calhoun, GA Micropolitan Statistical Area",15660,12.5,4.2,0.336
181,US.CBSA,"California-Lexington Park, MD Metropolitan Statistical Area",15680,9.2,5.1,0.5543478260869565
182,US.CBSA,"Cambridge, MD Micropolitan Statistical Area",15700,10.5,7.4,0.7047619047619048
183,US.CBSA,"Cambridge, OH Micropolitan Statistical Area",15740,17.6,7.7,0.4375
184,US.CBSA,"Camden, AR Micropolitan Statistical Area",15780,12.1,6.2,0.5123966942148761
185,US.CBSA,"Campbellsville, KY Micropolitan Statistical Area",15820,17.8,4.5,0.25280898876404495
186,US.CBSA,"Cañon City, CO Micropolitan Statistical Area",15860,8.8,6.5,0.7386363636363635
187,US.CBSA,"Canton-Massillon, OH Metropolitan Statistical Area",15940,15.5,7.7,0.4967741935483871
188,US.CBSA,"Cape Coral-Fort Myers, FL Metropolitan Statistical Area",15980,8.5,5.9,0.6941176470588236
189,US.CBSA,"Cape Girardeau, MO-IL Metropolitan Statistical Area",16020,11.7,3.9,0.33333333333333337
190,US.CBSA,"Carbondale-Marion, IL Metropolitan Statistical Area",16060,12.1,7.4,0.6115702479338844
191,US.CBSA,"Carlsbad-Artesia, NM Micropolitan Statistical Area",16100,10.4,8.7,0.8365384615384615
192,US.CBSA,"Carroll, IA Micropolitan Statistical Area",16140,9.7,3.1,0.3195876288659794
193,US.CBSA,"Carson City, NV Metropolitan Statistical Area",16180,17.3,6.9,0.3988439306358382
194,US.CBSA,"Casper, WY Metropolitan Statistical Area",16220,9.6,8.9,0.9270833333333334
195,US.CBSA,"Cedar City, UT Micropolitan Statistical Area",16260,10.5,4.5,0.42857142857142855
196,US.CBSA,"Cedar Rapids, IA Metropolitan Statistical Area",16300,11.8,5.6,0.47457627118644063
197,US.CBSA,"Cedartown, GA Micropolitan Statistical Area",16340,13.2,4.9,0.37121212121212127
198,US.CBSA,"Celina, OH Micropolitan Statistical Area",16380,13.8,4.4,0.31884057971014496
199,US.CBSA,"Central City, KY Micropolitan Statistical Area",16420,18.0,7.2,0.4
200,US.CBSA,"Centralia, IL Micropolitan Statistical Area",16460,12.9,7.8,0.6046511627906976
201,US.CBSA,"Centralia, WA Micropolitan Statistical Area",16500,17.2,9.0,0.5232558139534884
202,US.CBSA,"Chambersburg-Waynesboro, PA Metropolitan Statistical Area",16540,19.7,6.5,0.3299492385786802
203,US.CBSA,"Champaign-Urbana, IL Metropolitan Statistical Area",16580,10.7,6.1,0.5700934579439252
204,US.CBSA,"Charleston, WV Metropolitan Statistical Area",16620,8.9,9.2,1.0337078651685392
205,US.CBSA,"Charleston-Mattoon, IL Micropolitan Statistical Area",16660,12.3,6.8,0.5528455284552845
206,US.CBSA,"Charleston-North Charleston, SC Metropolitan Statistical Area",16700,9.9,5.0,0.5050505050505051
207,US.CBSA,"Charlotte-Concord-Gastonia, NC-SC Metropolitan Statistical Area",16740,11.4,7.0,0.6140350877192983
208,US.CBSA,"Charlottesville, VA Metropolitan Statistical Area",16820,9.1,5.3,0.5824175824175825
209,US.CBSA,"Chattanooga, TN-GA Metropolitan Statistical Area",16860,11.7,5.2,0.4444444444444445
210,US.CBSA,"Cheyenne, WY Metropolitan Statistical Area",16940,10.4,5.0,0.4807692307692307
211,US.CBSA,"Chicago-Naperville-Elgin, IL-IN-WI Metropolitan Statistical Area",16980,12.1,10.8,0.8925619834710745
212,US.CBSA,"Chico, CA Metropolitan Statistical Area",17020,15.9,8.4,0.5283018867924528
213,US.CBSA,"Chillicothe, OH Micropolitan Statistical Area",17060,16.3,7.1,0.43558282208588955
214,US.CBSA,"Cincinnati, OH-KY-IN Metropolitan Statistical Area",17140,15.3,6.8,0.4444444444444444
215,US.CBSA,"Clarksburg, WV Micropolitan Statistical Area",17220,9.4,7.3,0.776595744680851
216,US.CBSA,"Clarksdale, MS Micropolitan Statistical Area",17260,19.2,12.0,0.625
217,US.CBSA,"Clarksville, TN-KY Metropolitan Statistical Area",17300,13.8,6.2,0.4492753623188406
218,US.CBSA,"Clearlake, CA Micropolitan Statistical Area",17340,15.9,8.5,0.5345911949685535
219,US.CBSA,"Cleveland, MS Micropolitan Statistical Area",17380,15.5,7.9,0.5096774193548387
220,US.CBSA,"Cleveland, TN Metropolitan Statistical Area",17420,12.2,5.3,0.43442622950819676
221,US.CBSA,"Cleveland-Elyria, OH Metropolitan Statistical Area",17460,15.3,10.0,0.6535947712418301
222,US.CBSA,"Clewiston, FL Micropolitan Statistical Area",17500,10.3,7.0,0.6796116504854368
223,US.CBSA,"Clinton, IA Micropolitan Statistical Area",17540,11.3,5.8,0.5132743362831858
224,US.CBSA,"Clovis, NM Micropolitan Statistical Area",17580,13.7,6.7,0.48905109489051096
225,US.CBSA,"Coeur d'Alene, ID Metropolitan Statistical Area",17660,12.2,7.2,0.5901639344262296
226,US.CBSA,"Coffeyville, KS Micropolitan Statistical Area",17700,12.1,7.6,0.628099173553719
227,US.CBSA,"Coldwater, MI Micropolitan Statistical Area",17740,18.9,7.1,0.3756613756613757
228,US.CBSA,"College Station-Bryan, TX Metropolitan Statistical Area",17780,9.1,5.5,0.6043956043956045
229,US.CBSA,"Colorado Springs, CO Metropolitan Statistical Area",17820,8.9,5.9,0.6629213483146068
230,US.CBSA,"Columbia, MO Metropolitan Statistical Area",17860,11.3,2.9,0.2566371681415929
231,US.CBSA,"Columbia, SC Metropolitan Statistical Area",17900,10.2,4.4,0.4313725490196079
232,US.CBSA,"Columbus, GA-AL Metropolitan Statistical Area",17980,15.2,6.7,0.44078947368421056
233,US.CBSA,"Columbus, IN Metropolitan Statistical Area",18020,12.0,4.8,0.39999999999999997
234,US.CBSA,"Columbus, MS Micropolitan Statistical Area",18060,13.5,7.3,0.5407407407407407
235,US.CBSA,"Columbus, NE Micropolitan Statistical Area",18100,8.1,2.6,0.3209876543209877
236,US.CBSA,"Columbus, OH Metropolitan Statistical Area",18140,14.9,7.4,0.4966442953020134
237,US.CBSA,"Concord, NH Micropolitan Statistical Area",18180,14.5,4.4,0.303448275862069
238,US.CBSA,"Connersville, IN Micropolitan Statistical Area",18220,14.4,8.2,0.5694444444444444
239,US.CBSA,"Cookeville, TN Micropolitan Statistical Area",18260,12.5,4.9,0.392
240,US.CBSA,"Coos Bay, OR Micropolitan Statistical Area",18300,11.5,8.2,0.7130434782608696
241,US.CBSA,"Cordele, GA Micropolitan Statistical Area",18380,18.6,7.8,0.4193548387096774
242,US.CBSA,"Corinth, MS Micropolitan Statistical Area",18420,11.4,4.8,0.42105263157894735
243,US.CBSA,"Cornelia, GA Micropolitan Statistical Area",18460,12.7,4.4,0.3464566929133859
244,US.CBSA,"Corning, NY Micropolitan Statistical Area",18500,11.3,5.2,0.46017699115044247
245,US.CBSA,"Corpus Christi, TX Metropolitan Statistical Area",18580,9.0,9.9,1.1
246,US.CBSA,"Corsicana, TX Micropolitan Statistical Area",18620,11.8,6.2,0.5254237288135593
247,US.CBSA,"Cortland, NY Micropolitan Statistical Area",18660,10.4,4.9,0.47115384615384615
248,US.CBSA,"Corvallis, OR Metropolitan Statistical Area",18700,9.9,5.5,0.5555555555555556
249,US.CBSA,"Coshocton, OH Micropolitan Statistical Area",18740,15.6,8.1,0.5192307692307693
250,US.CBSA,"Craig, CO Micropolitan Statistical Area",18780,6.8,4.8,0.7058823529411765
251,US.CBSA,"Crawfordsville, IN Micropolitan Statistical Area",18820,11.7,4.1,0.3504273504273504
252,US.CBSA,"Crescent City, CA Micropolitan Statistical Area",18860,15.2,8.7,0.5723684210526315
253,US.CBSA,"Crestview-Fort Walton Beach-Destin, FL Metropolitan Statistical Area",18880,7.5,3.8,0.5066666666666666
254,US.CBSA,"Crossville, TN Micropolitan Statistical Area",18900,13.3,5.6,0.42105263157894735
255,US.CBSA,"Cullman, AL Micropolitan Statistical Area",18980,10.6,3.9,0.3679245283018868
256,US.CBSA,"Cullowhee, NC Micropolitan Statistical Area",19000,12.9,5.9,0.45736434108527135
257,US.CBSA,"Cumberland, MD-WV Metropolitan Statistical Area",19060,12.3,7.3,0.5934959349593495
258,US.CBSA,"Dallas-Fort Worth-Arlington, TX Metropolitan Statistical Area",19100,8.9,7.4,0.8314606741573034
259,US.CBSA,"Dalton, GA Metropolitan Statistical Area",19140,13.5,5.1,0.37777777777777777
260,US.CBSA,"Danville, IL Metropolitan Statistical Area",19180,12.1,8.4,0.6942148760330579
261,US.CBSA,"Danville, KY Micropolitan Statistical Area",19220,16.9,6.5,0.38461538461538464
262,US.CBSA,"Danville, VA Micropolitan Statistical Area",19260,11.9,7.5,0.6302521008403361
263,US.CBSA,"Daphne-Fairhope-Foley, AL Metropolitan Statistical Area",19300,11.7,5.6,0.47863247863247865
264,US.CBSA,"Davenport-Moline-Rock Island, IA-IL Metropolitan Statistical Area",19340,12.3,7.1,0.5772357723577235
265,US.CBSA,"Dayton, TN Micropolitan Statistical Area",19420,12.1,6.7,0.5537190082644629
266,US.CBSA,"Dayton-Kettering, OH Metropolitan Statistical Area",19430,16.0,7.8,0.4875
267,US.CBSA,"Decatur, AL Metropolitan Statistical Area",19460,11.8,4.9,0.4152542372881356
268,US.CBSA,"Decatur, IL Metropolitan Statistical Area",19500,14.2,10.2,0.7183098591549295
269,US.CBSA,"Decatur, IN Micropolitan Statistical Area",19540,12.2,3.7,0.3032786885245902
270,US.CBSA,"Defiance, OH Micropolitan Statistical Area",19580,15.0,6.2,0.41333333333333333
271,US.CBSA,"Del Rio, TX Micropolitan Statistical Area",19620,9.3,8.4,0.9032258064516129
272,US.CBSA,"Deltona-Daytona Beach-Ormond Beach, FL Metropolitan Statistical Area",19660,7.9,5.9,0.7468354430379747
273,US.CBSA,"Deming, NM Micropolitan Statistical Area",19700,13.3,15.9,1.1954887218045112
274,US.CBSA,"Denver-Aurora-Lakewood, CO Metropolitan Statistical Area",19740,6.9,6.5,0.9420289855072463
275,US.CBSA,"DeRidder, LA Micropolitan Statistical Area",19760,17.5,7.6,0.4342857142857143
276,US.CBSA,"Des Moines-West Des Moines, IA Metropolitan Statistical Area",19780,12.3,4.8,0.39024390243902435
277,US.CBSA,"Detroit-Warren-Dearborn, MI Metropolitan Statistical Area",19820,21.4,9.9,0.4626168224299066
278,US.CBSA,"Dickinson, ND Micropolitan Statistical Area",19860,11.4,6.8,0.5964912280701754
279,US.CBSA,"Dixon, IL Micropolitan Statistical Area",19940,11.5,6.1,0.5304347826086956
280,US.CBSA,"Dodge City, KS Micropolitan Statistical Area",19980,12.7,3.5,0.2755905511811024
281,US.CBSA,"Dothan, AL Metropolitan Statistical Area",20020,13.2,6.0,0.4545454545454546
282,US.CBSA,"Douglas, GA Micropolitan Statistical Area",20060,13.7,5.4,0.3941605839416059
283,US.CBSA,"Dover, DE Metropolitan Statistical Area",20100,14.9,8.8,0.5906040268456376
284,US.CBSA,"Dublin, GA Micropolitan Statistical Area",20140,12.4,5.8,0.46774193548387094
285,US.CBSA,"DuBois, PA Micropolitan Statistical Area",20180,22.8,7.0,0.30701754385964913
286,US.CBSA,"Dubuque, IA Metropolitan Statistical Area",20220,12.7,4.7,0.3700787401574803
287,US.CBSA,"Duluth, MN-WI Metropolitan Statistical Area",20260,14.9,5.9,0.39597315436241615
288,US.CBSA,"Dumas, TX Micropolitan Statistical Area",20300,7.9,4.2,0.5316455696202531
289,US.CBSA,"Duncan, OK Micropolitan Statistical Area",20340,10.6,7.3,0.6886792452830188
290,US.CBSA,"Durango, CO Micropolitan Statistical Area",20420,8.3,5.1,0.6144578313253011
291,US.CBSA,"Durant, OK Micropolitan Statistical Area",20460,12.1,4.4,0.3636363636363637
292,US.CBSA,"Durham-Chapel Hill, NC Metropolitan Statistical Area",20500,10.4,6.0,0.5769230769230769
293,US.CBSA,"Dyersburg, TN Micropolitan Statistical Area",20540,11.8,6.1,0.5169491525423728
294,US.CBSA,"Eagle Pass, TX Micropolitan Statistical Area",20580,12.1,16.3,1.347107438016529
295,US.CBSA,"Easton, MD Micropolitan Statistical Area",20660,8.8,5.3,0.6022727272727272
296,US.CBSA,"East Stroudsburg, PA Metropolitan Statistical Area",20700,25.5,9.9,0.38823529411764707
297,US.CBSA,"Eau Claire, WI Metropolitan Statistical Area",20740,11.5,3.8,0.33043478260869563
298,US.CBSA,"Edwards, CO Micropolitan Statistical Area",20780,7.2,6.9,0.9583333333333334
299,US.CBSA,"Effingham, IL Micropolitan Statistical Area",20820,9.5,5.6,0.5894736842105263
300,US.CBSA,"El Campo, TX Micropolitan Statistical Area",20900,7.9,7.9,1.0
301,US.CBSA,"El Centro, CA Metropolitan Statistical Area",20940,23.9,21.1,0.882845188284519
302,US.CBSA,"El Dorado, AR Micropolitan Statistical Area",20980,13.2,9.5,0.7196969696969697
303,US.CBSA,"Elizabeth City, NC Micropolitan Statistical Area",21020,11.7,6.1,0.5213675213675214
304,US.CBSA,"Elizabethtown-Fort Knox, KY Metropolitan Statistical Area",21060,18.0,5.1,0.2833333333333333
305,US.CBSA,"Elk City, OK Micropolitan Statistical Area",21120,10.4,7.5,0.7211538461538461
306,US.CBSA,"Elkhart-Goshen, IN Metropolitan Statistical Area",21140,12.9,5.2,0.40310077519379844
307,US.CBSA,"Elkins, WV Micropolitan Statistical Area",21180,10.3,8.2,0.7961165048543688
308,US.CBSA,"Elko, NV Micropolitan Statistical Area",21220,16.7,4.3,0.25748502994011974
309,US.CBSA,"Ellensburg, WA Micropolitan Statistical Area",21260,16.8,8.0,0.47619047619047616
310,US.CBSA,"Elmira, NY Metropolitan Statistical Area",21300,10.6,5.8,0.5471698113207547
311,US.CBSA,"El Paso, TX Metropolitan Statistical Area",21340,10.1,8.6,0.8514851485148515
312,US.CBSA,"Emporia, KS Micropolitan Statistical Area",21380,12.2,4.3,0.3524590163934426
313,US.CBSA,"Enid, OK Metropolitan Statistical Area",21420,10.2,5.1,0.5
314,US.CBSA,"Enterprise, AL Micropolitan Statistical Area",21460,10.9,4.6,0.4220183486238532
315,US.CBSA,"Erie, PA Metropolitan Statistical Area",21500,21.1,8.3,0.3933649289099526
316,US.CBSA,"Escanaba, MI Micropolitan Statistical Area",21540,21.6,6.4,0.2962962962962963
317,US.CBSA,"Española, NM Micropolitan Statistical Area",21580,14.3,9.7,0.6783216783216782
318,US.CBSA,"Eufaula, AL-GA Micropolitan Statistical Area",21640,14.5,8.6,0.593103448275862
319,US.CBSA,"Eugene-Springfield, OR Metropolitan Statistical Area",21660,11.1,7.5,0.6756756756756757
320,US.CBSA,"Eureka-Arcata, CA Micropolitan Statistical Area",21700,15.4,7.6,0.49350649350649345
321,US.CBSA,"Evanston, WY Micropolitan Statistical Area",21740,10.2,6.3,0.6176470588235294
322,US.CBSA,"Evansville, IN-KY Metropolitan Statistical Area",21780,13.2,5.0,0.3787878787878788
323,US.CBSA,"Fairbanks, AK Metropolitan Statistical Area",21820,14.9,5.0,0.33557046979865773
324,US.CBSA,"Fairfield, IA Micropolitan Statistical Area",21840,13.0,5.0,0.38461538461538464
325,US.CBSA,"Fairmont, MN Micropolitan Statistical Area",21860,12.4,3.9,0.31451612903225806
326,US.CBSA,"Fairmont, WV Micropolitan Statistical Area",21900,8.9,8.0,0.898876404494382
327,US.CBSA,"Fallon, NV Micropolitan Statistical Area",21980,18.0,4.7,0.2611111111111111
328,US.CBSA,"Fargo, ND-MN Metropolitan Statistical Area",22020,11.1,3.0,0.2702702702702703
329,US.CBSA,"Faribault-Northfield, MN Micropolitan Statistical Area",22060,12.6,4.2,0.33333333333333337
330,US.CBSA,"Farmington, MO Micropolitan Statistical Area",22100,12.0,5.0,0.4166666666666667
331,US.CBSA,"Farmington, NM Metropolitan Statistical Area",22140,13.9,11.9,0.8561151079136691
332,US.CBSA,"Fayetteville, NC Metropolitan Statistical Area",22180,13.8,9.3,0.6739130434782609
333,US.CBSA,"Fayetteville-Springdale-Rogers, AR Metropolitan Statistical Area",22220,10.1,5.3,0.5247524752475248
334,US.CBSA,"Fergus Falls, MN Micropolitan Statistical Area",22260,12.2,3.6,0.2950819672131148
335,US.CBSA,"Fernley, NV Micropolitan Statistical Area",22280,18.4,7.3,0.39673913043478265
336,US.CBSA,"Findlay, OH Micropolitan Statistical Area",22300,14.2,5.7,0.4014084507042254
337,US.CBSA,"Fitzgerald, GA Micropolitan Statistical Area",22340,11.2,6.5,0.5803571428571429
338,US.CBSA,"Flagstaff, AZ Metropolitan Statistical Area",22380,14.8,8.2,0.554054054054054
339,US.CBSA,"Flint, MI Metropolitan Statistical Area",22420,23.7,9.4,0.3966244725738397
340,US.CBSA,"Florence, SC Metropolitan Statistical Area",22500,12.2,5.1,0.4180327868852459
341,US.CBSA,"Florence-Muscle Shoals, AL Metropolitan Statistical Area",22520,12.6,5.9,0.4682539682539683
342,US.CBSA,"Fond du Lac, WI Metropolitan Statistical Area",22540,10.8,3.4,0.31481481481481477
343,US.CBSA,"Forest City, NC Micropolitan Statistical Area",22580,12.2,8.3,0.6803278688524591
344,US.CBSA,"Forrest City, AR Micropolitan Statistical Area",22620,14.0,9.2,0.6571428571428571
345,US.CBSA,"Fort Collins, CO Metropolitan Statistical Area",22660,7.3,5.2,0.7123287671232877
346,US.CBSA,"Fort Dodge, IA Micropolitan Statistical Area",22700,13.1,4.3,0.3282442748091603
347,US.CBSA,"Fort Leonard Wood, MO Micropolitan Statistical Area",22780,14.8,3.8,0.25675675675675674
348,US.CBSA,"Fort Madison-Keokuk, IA-IL-MO Micropolitan Statistical Area",22800,12.4,5.1,0.41129032258064513
349,US.CBSA,"Fort Morgan, CO Micropolitan Statistical Area",22820,8.0,5.2,0.65
350,US.CBSA,"Fort Payne, AL Micropolitan Statistical Area",22840,9.9,4.1,0.4141414141414141
351,US.CBSA,"Fort Polk South, LA Micropolitan Statistical Area",22860,18.2,6.9,0.37912087912087916
352,US.CBSA,"Fort Smith, AR-OK Metropolitan Statistical Area",22900,11.1,6.4,0.5765765765765766
353,US.CBSA,"Fort Wayne, IN Metropolitan Statistical Area",23060,13.7,5.7,0.416058394160584
354,US.CBSA,"Frankfort, IN Micropolitan Statistical Area",23140,11.8,4.3,0.3644067796610169
355,US.CBSA,"Frankfort, KY Micropolitan Statistical Area",23180,18.0,5.3,0.29444444444444445
356,US.CBSA,"Fredericksburg, TX Micropolitan Statistical Area",23240,9.4,4.7,0.5
357,US.CBSA,"Freeport, IL Micropolitan Statistical Area",23300,13.2,6.9,0.5227272727272728
358,US.CBSA,"Fremont, NE Micropolitan Statistical Area",23340,9.3,2.8,0.30107526881720426
359,US.CBSA,"Fremont, OH Micropolitan Statistical Area",23380,14.4,6.5,0.4513888888888889
360,US.CBSA,"Fresno, CA Metropolitan Statistical Area",23420,15.5,10.1,0.6516129032258065
361,US.CBSA,"Gadsden, AL Metropolitan Statistical Area",23460,12.6,7.8,0.6190476190476191
362,US.CBSA,"Gaffney, SC Micropolitan Statistical Area",23500,12.5,6.7,0.536
363,US.CBSA,"Gainesville, FL Metropolitan Statistical Area",23540,7.9,4.0,0.5063291139240506
364,US.CBSA,"Gainesville, GA Metropolitan Statistical Area",23580,11.7,3.9,0.33333333333333337
365,US.CBSA,"Gainesville, TX Micropolitan Statistical Area",23620,9.4,7.2,0.7659574468085106
366,US.CBSA,"Galesburg, IL Micropolitan Statistical Area",23660,11.6,8.5,0.7327586206896552
367,US.CBSA,"Gallup, NM Micropolitan Statistical Area",23700,20.3,12.7,0.6256157635467979
368,US.CBSA,"Garden City, KS Micropolitan Statistical Area",23780,11.8,3.1,0.2627118644067796
369,US.CBSA,"Gardnerville Ranchos, NV Micropolitan Statistical Area",23820,16.2,7.0,0.4320987654320988
370,US.CBSA,"Georgetown, SC Micropolitan Statistical Area",23860,12.1,6.0,0.49586776859504134
371,US.CBSA,"Gettysburg, PA Metropolitan Statistical Area",23900,19.9,5.1,0.2562814070351759
372,US.CBSA,"Gillette, WY Micropolitan Statistical Area",23940,7.4,7.1,0.9594594594594593
373,US.CBSA,"Glasgow, KY Micropolitan Statistical Area",23980,18.4,6.0,0.32608695652173914
374,US.CBSA,"Glens Falls, NY Metropolitan Statistical Area",24020,11.5,5.0,0.43478260869565216
375,US.CBSA,"Glenwood Springs, CO Micropolitan Statistical Area",24060,8.2,5.8,0.7073170731707318
376,US.CBSA,"Gloversville, NY Micropolitan Statistical Area",24100,12.2,6.3,0.5163934426229508
377,US.CBSA,"Goldsboro, NC Metropolitan Statistical Area",24140,13.2,6.4,0.4848484848484849
378,US.CBSA,"Granbury, TX Micropolitan Statistical Area",24180,7.1,,
379,US.CBSA,"Grand Forks, ND-MN Metropolitan Statistical Area",24220,12.4,3.3,0.2661290322580645
380,US.CBSA,"Grand Island, NE Metropolitan Statistical Area",24260,10.0,4.2,0.42000000000000004
381,US.CBSA,"Grand Junction, CO Metropolitan Statistical Area",24300,9.1,5.7,0.6263736263736264
382,US.CBSA,"Grand Rapids, MN Micropolitan Statistical Area",24330,14.4,6.2,0.4305555555555556
383,US.CBSA,"Grand Rapids-Kentwood, MI Metropolitan Statistical Area",24340,19.1,6.3,0.32984293193717273
384,US.CBSA,"Grants, NM Micropolitan Statistical Area",24380,20.6,10.9,0.529126213592233
385,US.CBSA,"Grants Pass, OR Metropolitan Statistical Area",24420,10.7,7.4,0.691588785046729
386,US.CBSA,"Great Bend, KS Micropolitan Statistical Area",24460,11.0,4.4,0.4
387,US.CBSA,"Great Falls, MT Metropolitan Statistical Area",24500,13.3,4.9,0.3684210526315789
388,US.CBSA,"Greeley, CO Metropolitan Statistical Area",24540,7.5,6.3,0.84
389,US.CBSA,"Green Bay, WI Metropolitan Statistical Area",24580,11.8,4.1,0.34745762711864403
390,US.CBSA,"Greeneville, TN Micropolitan Statistical Area",24620,12.2,6.4,0.5245901639344263
391,US.CBSA,"Greensboro-High Point, NC Metropolitan Statistical Area",24660,11.2,7.9,0.7053571428571429
392,US.CBSA,"Greensburg, IN Micropolitan Statistical Area",24700,12.6,4.6,0.36507936507936506
393,US.CBSA,"Greenville, MS Micropolitan Statistical Area",24740,18.4,10.6,0.5760869565217391
394,US.CBSA,"Greenville, NC Metropolitan Statistical Area",24780,14.3,7.0,0.4895104895104895
395,US.CBSA,"Greenville, OH Micropolitan Statistical Area",24820,14.1,5.4,0.3829787234042554
396,US.CBSA,"Greenville-Anderson, SC Metropolitan Statistical Area",24860,9.8,4.2,0.42857142857142855
397,US.CBSA,"Greenwood, MS Micropolitan Statistical Area",24900,13.2,9.3,0.7045454545454546
398,US.CBSA,"Greenwood, SC Micropolitan Statistical Area",24940,12.8,5.2,0.40625
399,US.CBSA,"Grenada, MS Micropolitan Statistical Area",24980,12.3,6.6,0.5365853658536585
400,US.CBSA,"Gulfport-Biloxi, MS Metropolitan Statistical Area",25060,14.0,7.3,0.5214285714285715
401,US.CBSA,"Guymon, OK Micropolitan Statistical Area",25100,7.7,1.9,0.24675324675324672
402,US.CBSA,"Hagerstown-Martinsburg, MD-WV Metropolitan Statistical Area",25180,10.9,6.5,0.5963302752293578
403,US.CBSA,"Hailey, ID Micropolitan Statistical Area",25200,13.2,6.7,0.5075757575757576
404,US.CBSA,"Hammond, LA Metropolitan Statistical Area",25220,19.9,9.3,0.4673366834170855
405,US.CBSA,"Hanford-Corcoran, CA Metropolitan Statistical Area",25260,15.0,10.0,0.6666666666666666
406,US.CBSA,"Hannibal, MO Micropolitan Statistical Area",25300,11.7,3.0,0.25641025641025644
407,US.CBSA,"Harrisburg-Carlisle, PA Metropolitan Statistical Area",25420,19.8,6.4,0.32323232323232326
408,US.CBSA,"Harrison, AR Micropolitan Statistical Area",25460,11.1,5.2,0.4684684684684685
409,US.CBSA,"Harrisonburg, VA Metropolitan Statistical Area",25500,10.6,4.5,0.42452830188679247
410,US.CBSA,"Hartford-East Hartford-Middletown, CT Metropolitan Statistical Area",25540,9.1,7.2,0.7912087912087913
411,US.CBSA,"Hastings, NE Micropolitan Statistical Area",25580,8.6,2.9,0.3372093023255814
412,US.CBSA,"Hattiesburg, MS Metropolitan Statistical Area",25620,14.9,6.2,0.4161073825503356
413,US.CBSA,"Hays, KS Micropolitan Statistical Area",25700,11.5,3.0,0.2608695652173913
414,US.CBSA,"Heber, UT Micropolitan Statistical Area",25720,7.8,5.6,0.717948717948718
415,US.CBSA,"Helena, MT Micropolitan Statistical Area",25740,10.8,3.9,0.3611111111111111
416,US.CBSA,"Helena-West Helena, AR Micropolitan Statistical Area",25760,17.7,10.1,0.5706214689265536
417,US.CBSA,"Henderson, NC Micropolitan Statistical Area",25780,14.1,10.0,0.7092198581560284
418,US.CBSA,"Hereford, TX Micropolitan Statistical Area",25820,7.8,3.9,0.5
419,US.CBSA,"Hermiston-Pendleton, OR Micropolitan Statistical Area",25840,11.5,5.3,0.4608695652173913
420,US.CBSA,"Hickory-Lenoir-Morganton, NC Metropolitan Statistical Area",25860,12.0,7.0,0.5833333333333334
421,US.CBSA,"Hillsdale, MI Micropolitan Statistical Area",25880,18.5,6.9,0.372972972972973
422,US.CBSA,"Hilo, HI Micropolitan Statistical Area",25900,21.4,13.5,0.6308411214953271
423,US.CBSA,"Hilton Head Island-Bluffton, SC Metropolitan Statistical Area",25940,11.5,3.8,0.33043478260869563
424,US.CBSA,"Hinesville, GA Metropolitan Statistical Area",25980,18.2,5.5,0.30219780219780223
425,US.CBSA,"Hobbs, NM Micropolitan Statistical Area",26020,11.0,13.7,1.2454545454545454
426,US.CBSA,"Holland, MI Micropolitan Statistical Area",26090,17.0,5.7,0.33529411764705885
427,US.CBSA,"Homosassa Springs, FL Metropolitan Statistical Area",26140,9.6,6.3,0.65625
428,US.CBSA,"Hood River, OR Micropolitan Statistical Area",26220,9.2,5.0,0.5434782608695653
429,US.CBSA,"Hope, AR Micropolitan Statistical Area",26260,11.0,6.0,0.5454545454545454
430,US.CBSA,"Hot Springs, AR Metropolitan Statistical Area",26300,14.3,9.5,0.6643356643356643
431,US.CBSA,"Houghton, MI Micropolitan Statistical Area",26340,21.3,5.7,0.2676056338028169
432,US.CBSA,"Houma-Thibodaux, LA Metropolitan Statistical Area",26380,16.7,6.8,0.40718562874251496
433,US.CBSA,"Houston-The Woodlands-Sugar Land, TX Metropolitan Statistical Area",26420,9.1,9.6,1.054945054945055
434,US.CBSA,"Hudson, NY Micropolitan Statistical Area",26460,10.4,4.4,0.4230769230769231
435,US.CBSA,"Huntingdon, PA Micropolitan Statistical Area",26500,20.0,8.4,0.42000000000000004
436,US.CBSA,"Huntington, IN Micropolitan Statistical Area",26540,11.6,4.6,0.396551724137931
437,US.CBSA,"Huntington-Ashland, WV-KY-OH Metropolitan Statistical Area",26580,12.5,7.4,0.5920000000000001
438,US.CBSA,"Huntsville, AL Metropolitan Statistical Area",26620,11.6,5.1,0.4396551724137931
439,US.CBSA,"Huntsville, TX Micropolitan Statistical Area",26660,7.4,8.2,1.108108108108108
440,US.CBSA,"Huron, SD Micropolitan Statistical Area",26700,4.1,3.3,0.8048780487804879
441,US.CBSA,"Hutchinson, KS Micropolitan Statistical Area",26740,11.3,5.2,0.46017699115044247
442,US.CBSA,"Hutchinson, MN Micropolitan Statistical Area",26780,11.8,4.4,0.3728813559322034
443,US.CBSA,"Idaho Falls, ID Metropolitan Statistical Area",26820,10.9,4.2,0.3853211009174312
444,US.CBSA,"Indiana, PA Micropolitan Statistical Area",26860,23.0,6.9,0.3
445,US.CBSA,"Indianapolis-Carmel-Anderson, IN Metropolitan Statistical Area",26900,13.5,6.0,0.4444444444444444
446,US.CBSA,"Indianola, MS Micropolitan Statistical Area",26940,18.8,11.2,0.5957446808510638
447,US.CBSA,"Iowa City, IA Metropolitan Statistical Area",26980,12.3,4.2,0.3414634146341463
448,US.CBSA,"Iron Mountain, MI-WI Micropolitan Statistical Area",27020,19.2,5.7,0.296875
449,US.CBSA,"Ithaca, NY Metropolitan Statistical Area",27060,10.5,4.3,0.4095238095238095
450,US.CBSA,"Jackson, MI Metropolitan Statistical Area",27100,19.8,7.7,0.3888888888888889
451,US.CBSA,"Jackson, MS Metropolitan Statistical Area",27140,12.6,6.3,0.5
452,US.CBSA,"Jackson, OH Micropolitan Statistical Area",27160,16.8,8.6,0.5119047619047619
453,US.CBSA,"Jackson, TN Metropolitan Statistical Area",27180,11.2,6.4,0.5714285714285715
454,US.CBSA,"Jackson, WY-ID Micropolitan Statistical Area",27220,9.6,4.4,0.45833333333333337
455,US.CBSA,"Jacksonville, FL Metropolitan Statistical Area",27260,8.2,4.8,0.5853658536585367
456,US.CBSA,"Jacksonville, IL Micropolitan Statistical Area",27300,11.6,6.1,0.5258620689655172
457,US.CBSA,"Jacksonville, NC Metropolitan Statistical Area",27340,15.0,6.6,0.44
458,US.CBSA,"Jacksonville, TX Micropolitan Statistical Area",27380,8.5,9.4,1.1058823529411765
459,US.CBSA,"Jamestown, ND Micropolitan Statistical Area",27420,9.5,2.5,0.2631578947368421
460,US.CBSA,"Jamestown-Dunkirk-Fredonia, NY Micropolitan Statistical Area",27460,12.2,6.2,0.5081967213114754
461,US.CBSA,"Janesville-Beloit, WI Metropolitan Statistical Area",27500,13.5,5.1,0.37777777777777777
462,US.CBSA,"Jasper, AL Micropolitan Statistical Area",27530,13.9,,
463,US.CBSA,"Jasper, IN Micropolitan Statistical Area",27540,10.4,4.1,0.39423076923076916
464,US.CBSA,"Jefferson, GA Micropolitan Statistical Area",27600,13.1,3.8,0.2900763358778626
465,US.CBSA,"Jefferson City, MO Metropolitan Statistical Area",27620,10.3,2.8,0.27184466019417475
466,US.CBSA,"Jennings, LA Micropolitan Statistical Area",27660,19.6,8.3,0.42346938775510207
467,US.CBSA,"Jesup, GA Micropolitan Statistical Area",27700,14.6,5.3,0.363013698630137
468,US.CBSA,"Johnson City, TN Metropolitan Statistical Area",27740,10.6,5.2,0.4905660377358491
469,US.CBSA,"Johnstown, PA Metropolitan Statistical Area",27780,21.2,7.3,0.3443396226415094
470,US.CBSA,"Jonesboro, AR Metropolitan Statistical Area",27860,11.6,6.0,0.5172413793103449
471,US.CBSA,"Joplin, MO Metropolitan Statistical Area",27900,12.2,3.9,0.319672131147541
472,US.CBSA,"Juneau, AK Micropolitan Statistical Area",27940,12.7,5.7,0.4488188976377953
473,US.CBSA,"Kahului-Wailuku-Lahaina, HI Metropolitan Statistical Area",27980,20.8,23.2,1.1153846153846154
474,US.CBSA,"Kalamazoo-Portage, MI Metropolitan Statistical Area",28020,20.3,6.8,0.33497536945812806
475,US.CBSA,"Kalispell, MT Micropolitan Statistical Area",28060,11.2,5.5,0.4910714285714286
476,US.CBSA,"Kankakee, IL Metropolitan Statistical Area",28100,12.7,8.1,0.6377952755905512
477,US.CBSA,"Kansas City, MO-KS Metropolitan Statistical Area",28140,11.3,5.0,0.44247787610619466
478,US.CBSA,"Kapaa, HI Micropolitan Statistical Area",28180,20.5,20.2,0.9853658536585366
479,US.CBSA,"Kearney, NE Micropolitan Statistical Area",28260,8.7,2.6,0.2988505747126437
480,US.CBSA,"Keene, NH Micropolitan Statistical Area",28300,15.5,5.1,0.3290322580645161
481,US.CBSA,"Kendallville, IN Micropolitan Statistical Area",28340,12.7,5.4,0.42519685039370086
482,US.CBSA,"Kennett, MO Micropolitan Statistical Area",28380,11.1,5.3,0.4774774774774775
483,US.CBSA,"Kennewick-Richland, WA Metropolitan Statistical Area",28420,14.9,7.2,0.48322147651006714
484,US.CBSA,"Kerrville, TX Micropolitan Statistical Area",28500,9.6,5.6,0.5833333333333334
485,US.CBSA,"Ketchikan, AK Micropolitan Statistical Area",28540,15.8,7.6,0.48101265822784806
486,US.CBSA,"Key West, FL Micropolitan Statistical Area",28580,7.4,5.6,0.7567567567567567
487,US.CBSA,"Kill Devil Hills, NC Micropolitan Statistical Area",28620,12.2,6.6,0.5409836065573771
488,US.CBSA,"Killeen-Temple, TX Metropolitan Statistical Area",28660,11.2,7.3,0.6517857142857143
489,US.CBSA,"Kingsport-Bristol, TN-VA Metropolitan Statistical Area",28700,11.5,5.7,0.4956521739130435
490,US.CBSA,"Kingston, NY Metropolitan Statistical Area",28740,12.8,5.6,0.43749999999999994
491,US.CBSA,"Kingsville, TX Micropolitan Statistical Area",28780,11.1,9.4,0.8468468468468469
492,US.CBSA,"Kinston, NC Micropolitan Statistical Area",28820,14.5,6.1,0.42068965517241375
493,US.CBSA,"Kirksville, MO Micropolitan Statistical Area",28860,11.3,3.1,0.2743362831858407
494,US.CBSA,"Klamath Falls, OR Micropolitan Statistical Area",28900,11.8,7.3,0.6186440677966101
495,US.CBSA,"Knoxville, TN Metropolitan Statistical Area",28940,10.9,4.8,0.4403669724770642
496,US.CBSA,"Kokomo, IN Metropolitan Statistical Area",29020,14.6,7.2,0.4931506849315069
497,US.CBSA,"Laconia, NH Micropolitan Statistical Area",29060,16.1,6.1,0.3788819875776397
498,US.CBSA,"La Crosse-Onalaska, WI-MN Metropolitan Statistical Area",29100,11.9,3.5,0.29411764705882354
499,US.CBSA,"Lafayette, LA Metropolitan Statistical Area",29180,17.2,7.3,0.4244186046511628
500,US.CBSA,"Lafayette-West Lafayette, IN Metropolitan Statistical Area",29200,12.9,5.0,0.38759689922480617
501,US.CBSA,"La Grande, OR Micropolitan Statistical Area",29260,8.6,5.9,0.6860465116279071
502,US.CBSA,"LaGrange, GA-AL Micropolitan Statistical Area",29300,13.9,6.1,0.4388489208633093
503,US.CBSA,"Lake Charles, LA Metropolitan Statistical Area",29340,18.5,12.0,0.6486486486486487
504,US.CBSA,"Lake City, FL Micropolitan Statistical Area",29380,9.2,4.7,0.5108695652173914
505,US.CBSA,"Lake Havasu City-Kingman, AZ Metropolitan Statistical Area",29420,16.3,7.9,0.48466257668711654
506,US.CBSA,"Lakeland-Winter Haven, FL Metropolitan Statistical Area",29460,8.8,7.9,0.8977272727272727
507,US.CBSA,"Lamesa, TX Micropolitan Statistical Area",29500,10.7,9.7,0.9065420560747663
508,US.CBSA,"Lancaster, PA Metropolitan Statistical Area",29540,19.3,5.9,0.305699481865285
509,US.CBSA,"Lansing-East Lansing, MI Metropolitan Statistical Area",29620,20.6,6.7,0.3252427184466019
510,US.CBSA,"Laramie, WY Micropolitan Statistical Area",29660,10.0,3.1,0.31
511,US.CBSA,"Laredo, TX Metropolitan Statistical Area",29700,9.6,9.3,0.9687500000000001
512,US.CBSA,"Las Cruces, NM Metropolitan Statistical Area",29740,14.2,9.2,0.647887323943662
513,US.CBSA,"Las Vegas, NM Micropolitan Statistical Area",29780,10.6,9.3,0.8773584905660379
514,US.CBSA,"Las Vegas-Henderson-Paradise, NV Metropolitan Statistical Area",29820,19.7,14.6,0.7411167512690355
515,US.CBSA,"Laurel, MS Micropolitan Statistical Area",29860,11.0,6.9,0.6272727272727273
516,US.CBSA,"Laurinburg, NC Micropolitan Statistical Area",29900,15.0,11.9,0.7933333333333333
517,US.CBSA,"Lawrence, KS Metropolitan Statistical Area",29940,13.3,5.6,0.42105263157894735
518,US.CBSA,"Lawrenceburg, TN Micropolitan Statistical Area",29980,13.7,5.5,0.40145985401459855
519,US.CBSA,"Lawton, OK Metropolitan Statistical Area",30020,12.9,5.3,0.4108527131782945
520,US.CBSA,"Lebanon, MO Micropolitan Statistical Area",30060,12.1,4.7,0.38842975206611574
521,US.CBSA,"Lebanon, NH-VT Micropolitan Statistical Area",30100,14.3,3.4,0.23776223776223773
522,US.CBSA,"Lebanon, PA Metropolitan Statistical Area",30140,21.0,6.6,0.3142857142857143
523,US.CBSA,"Levelland, TX Micropolitan Statistical Area",30220,10.3,8.6,0.8349514563106796
524,US.CBSA,"Lewisburg, PA Micropolitan Statistical Area",30260,18.9,5.1,0.2698412698412698
525,US.CBSA,"Lewisburg, TN Micropolitan Statistical Area",30280,11.7,6.1,0.5213675213675214
526,US.CBSA,"Lewiston, ID-WA Metropolitan Statistical Area",30300,13.0,5.0,0.38461538461538464
527,US.CBSA,"Lewiston-Auburn, ME Metropolitan Statistical Area",30340,14.2,5.8,0.4084507042253521
528,US.CBSA,"Lewistown, PA Micropolitan Statistical Area",30380,19.0,7.5,0.39473684210526316
529,US.CBSA,"Lexington, NE Micropolitan Statistical Area",30420,7.8,2.7,0.3461538461538462
530,US.CBSA,"Lexington-Fayette, KY Metropolitan Statistical Area",30460,17.5,4.7,0.26857142857142857
531,US.CBSA,"Liberal, KS Micropolitan Statistical Area",30580,14.1,4.2,0.29787234042553196
532,US.CBSA,"Lima, OH Metropolitan Statistical Area",30620,16.0,7.5,0.46875
533,US.CBSA,"Lincoln, IL Micropolitan Statistical Area",30660,10.9,6.3,0.5779816513761468
534,US.CBSA,"Lincoln, NE Metropolitan Statistical Area",30700,9.5,3.2,0.3368421052631579
535,US.CBSA,"Little Rock-North Little Rock-Conway, AR Metropolitan Statistical Area",30780,11.4,7.8,0.6842105263157895
536,US.CBSA,"Lock Haven, PA Micropolitan Statistical Area",30820,21.6,6.6,0.3055555555555555
537,US.CBSA,"Logan, UT-ID Metropolitan Statistical Area",30860,7.6,3.1,0.4078947368421053
538,US.CBSA,"Logansport, IN Micropolitan Statistical Area",30900,12.5,5.2,0.41600000000000004
539,US.CBSA,"London, KY Micropolitan Statistical Area",30940,18.9,5.8,0.3068783068783069
540,US.CBSA,"Longview, TX Metropolitan Statistical Area",30980,8.9,8.8,0.9887640449438203
541,US.CBSA,"Longview, WA Metropolitan Statistical Area",31020,17.0,9.3,0.5470588235294118
542,US.CBSA,"Los Alamos, NM Micropolitan Statistical Area",31060,8.1,4.4,0.54320987654321
543,US.CBSA,"Los Angeles-Long Beach-Anaheim, CA Metropolitan Statistical Area",31080,16.3,13.8,0.8466257668711656
544,US.CBSA,"Louisville/Jefferson County, KY-IN Metropolitan Statistical Area",31140,16.5,5.3,0.3212121212121212
545,US.CBSA,"Lubbock, TX Metropolitan Statistical Area",31180,9.4,6.0,0.6382978723404255
546,US.CBSA,"Ludington, MI Micropolitan Statistical Area",31220,22.7,7.1,0.31277533039647576
547,US.CBSA,"Lufkin, TX Micropolitan Statistical Area",31260,10.3,8.4,0.8155339805825242
548,US.CBSA,"Lumberton, NC Micropolitan Statistical Area",31300,12.9,9.2,0.7131782945736433
549,US.CBSA,"Lynchburg, VA Metropolitan Statistical Area",31340,9.4,5.9,0.6276595744680851
550,US.CBSA,"Macomb, IL Micropolitan Statistical Area",31380,15.7,6.1,0.3885350318471337
551,US.CBSA,"Macon-Bibb County, GA Metropolitan Statistical Area",31420,15.5,6.6,0.4258064516129032
552,US.CBSA,"Madera, CA Metropolitan Statistical Area",31460,14.5,9.2,0.6344827586206896
553,US.CBSA,"Madison, IN Micropolitan Statistical Area",31500,13.4,5.2,0.3880597014925373
554,US.CBSA,"Madison, WI Metropolitan Statistical Area",31540,10.9,3.7,0.3394495412844037
555,US.CBSA,"Madisonville, KY Micropolitan Statistical Area",31580,16.1,5.8,0.3602484472049689
556,US.CBSA,"Magnolia, AR Micropolitan Statistical Area",31620,14.4,8.1,0.5625
557,US.CBSA,"Malone, NY Micropolitan Statistical Area",31660,12.1,5.0,0.4132231404958678
558,US.CBSA,"Malvern, AR Micropolitan Statistical Area",31680,11.1,6.9,0.6216216216216217
559,US.CBSA,"Manchester-Nashua, NH Metropolitan Statistical Area",31700,15.1,5.6,0.3708609271523179
560,US.CBSA,"Manhattan, KS Metropolitan Statistical Area",31740,13.4,4.3,0.3208955223880597
561,US.CBSA,"Manitowoc, WI Micropolitan Statistical Area",31820,10.2,3.9,0.3823529411764706
562,US.CBSA,"Mankato, MN Metropolitan Statistical Area",31860,13.7,4.3,0.31386861313868614
563,US.CBSA,"Mansfield, OH Metropolitan Statistical Area",31900,16.0,7.7,0.48125
564,US.CBSA,"Marietta, OH Micropolitan Statistical Area",31930,13.8,7.9,0.572463768115942
565,US.CBSA,"Marinette, WI-MI Micropolitan Statistical Area",31940,15.7,5.4,0.3439490445859873
566,US.CBSA,"Marion, IN Micropolitan Statistical Area",31980,15.2,5.4,0.3552631578947369
567,US.CBSA,"Marion, NC Micropolitan Statistical Area",32000,12.8,6.0,0.46875
568,US.CBSA,"Marion, OH Micropolitan Statistical Area",32020,15.1,7.3,0.48344370860927155
569,US.CBSA,"Marquette, MI Micropolitan Statistical Area",32100,21.5,5.7,0.2651162790697674
570,US.CBSA,"Marshall, MN Micropolitan Statistical Area",32140,12.5,3.4,0.272
571,US.CBSA,"Marshall, MO Micropolitan Statistical Area",32180,10.5,2.9,0.2761904761904762
572,US.CBSA,"Marshalltown, IA Micropolitan Statistical Area",32260,11.0,5.1,0.4636363636363636
573,US.CBSA,"Martin, TN Micropolitan Statistical Area",32280,14.7,4.7,0.3197278911564626
574,US.CBSA,"Martinsville, VA Micropolitan Statistical Area",32300,11.6,8.1,0.6982758620689655
575,US.CBSA,"Maryville, MO Micropolitan Statistical Area",32340,12.9,2.4,0.18604651162790697
576,US.CBSA,"Mason City, IA Micropolitan Statistical Area",32380,12.4,4.2,0.33870967741935487
577,US.CBSA,"Mayfield, KY Micropolitan Statistical Area",32460,17.1,4.9,0.28654970760233917
578,US.CBSA,"Maysville, KY Micropolitan Statistical Area",32500,17.3,5.8,0.3352601156069364
579,US.CBSA,"McAlester, OK Micropolitan Statistical Area",32540,10.7,6.7,0.6261682242990655
580,US.CBSA,"McAllen-Edinburg-Mission, TX Metropolitan Statistical Area",32580,11.0,12.7,1.1545454545454545
581,US.CBSA,"McComb, MS Micropolitan Statistical Area",32620,12.1,8.2,0.6776859504132231
582,US.CBSA,"McMinnville, TN Micropolitan Statistical Area",32660,11.9,6.1,0.5126050420168067
583,US.CBSA,"McPherson, KS Micropolitan Statistical Area",32700,9.0,3.2,0.35555555555555557
584,US.CBSA,"Meadville, PA Micropolitan Statistical Area",32740,19.6,7.4,0.37755102040816324
585,US.CBSA,"Medford, OR Metropolitan Statistical Area",32780,10.3,7.4,0.7184466019417476
586,US.CBSA,"Memphis, TN-MS-AR Metropolitan Statistical Area",32820,12.6,9.2,0.7301587301587301
587,US.CBSA,"Menomonie, WI Micropolitan Statistical Area",32860,12.3,3.5,0.2845528455284553
588,US.CBSA,"Merced, CA Metropolitan Statistical Area",32900,18.1,10.3,0.569060773480663
589,US.CBSA,"Meridian, MS Micropolitan Statistical Area",32940,11.4,6.9,0.6052631578947368
590,US.CBSA,"Mexico, MO Micropolitan Statistical Area",33020,12.0,3.0,0.25
591,US.CBSA,"Miami, OK Micropolitan Statistical Area",33060,11.9,4.2,0.35294117647058826
592,US.CBSA,"Miami-Fort Lauderdale-Pompano Beach, FL Metropolitan Statistical Area",33100,8.1,9.7,1.1975308641975309
593,US.CBSA,"Michigan City-La Porte, IN Metropolitan Statistical Area",33140,15.1,7.6,0.5033112582781457
594,US.CBSA,"Middlesborough, KY Micropolitan Statistical Area",33180,18.1,6.6,0.3646408839779005
595,US.CBSA,"Midland, MI Metropolitan Statistical Area",33220,19.6,6.3,0.3214285714285714
596,US.CBSA,"Midland, TX Metropolitan Statistical Area",33260,7.5,9.5,1.2666666666666666
597,US.CBSA,"Milledgeville, GA Micropolitan Statistical Area",33300,15.6,6.7,0.4294871794871795
598,US.CBSA,"Milwaukee-Waukesha, WI Metropolitan Statistical Area",33340,12.5,5.9,0.47200000000000003
599,US.CBSA,"Minden, LA Micropolitan Statistical Area",33380,17.4,,
600,US.CBSA,"Mineral Wells, TX Micropolitan Statistical Area",33420,10.0,7.9,0.79
601,US.CBSA,"Minneapolis-St. Paul-Bloomington, MN-WI Metropolitan Statistical Area",33460,13.7,5.9,0.43065693430656937
602,US.CBSA,"Minot, ND Micropolitan Statistical Area",33500,10.8,4.5,0.41666666666666663
603,US.CBSA,"Missoula, MT Metropolitan Statistical Area",33540,14.9,4.7,0.31543624161073824
604,US.CBSA,"Mitchell, SD Micropolitan Statistical Area",33580,6.0,4.6,0.7666666666666666
605,US.CBSA,"Moberly, MO Micropolitan Statistical Area",33620,12.7,4.0,0.31496062992125984
606,US.CBSA,"Mobile, AL Metropolitan Statistical Area",33660,13.4,9.5,0.708955223880597
607,US.CBSA,"Modesto, CA Metropolitan Statistical Area",33700,17.1,10.1,0.5906432748538011
608,US.CBSA,"Monroe, LA Metropolitan Statistical Area",33740,17.5,6.7,0.38285714285714284
609,US.CBSA,"Monroe, MI Metropolitan Statistical Area",33780,19.8,6.9,0.3484848484848485
610,US.CBSA,"Montgomery, AL Metropolitan Statistical Area",33860,13.4,8.4,0.6268656716417911
611,US.CBSA,"Montrose, CO Micropolitan Statistical Area",33940,10.1,5.3,0.5247524752475248
612,US.CBSA,"Morehead City, NC Micropolitan Statistical Area",33980,13.2,5.2,0.393939393939394
613,US.CBSA,"Morgan City, LA Micropolitan Statistical Area",34020,19.3,9.1,0.4715025906735751
614,US.CBSA,"Morgantown, WV Metropolitan Statistical Area",34060,9.4,5.8,0.6170212765957447
615,US.CBSA,"Morristown, TN Metropolitan Statistical Area",34100,11.8,5.4,0.4576271186440678
616,US.CBSA,"Moscow, ID Micropolitan Statistical Area",34140,12.9,5.2,0.40310077519379844
617,US.CBSA,"Moses Lake, WA Micropolitan Statistical Area",34180,15.1,7.4,0.490066225165563
618,US.CBSA,"Moultrie, GA Micropolitan Statistical Area",34220,12.9,4.5,0.3488372093023256
619,US.CBSA,"Mountain Home, AR Micropolitan Statistical Area",34260,10.8,6.2,0.5740740740740741
620,US.CBSA,"Mountain Home, ID Micropolitan Statistical Area",34300,11.2,5.1,0.45535714285714285
621,US.CBSA,"Mount Airy, NC Micropolitan Statistical Area",34340,10.5,5.8,0.5523809523809524
622,US.CBSA,"Mount Gay-Shamrock, WV Micropolitan Statistical Area",34350,14.1,,
623,US.CBSA,"Mount Pleasant, MI Micropolitan Statistical Area",34380,28.0,6.2,0.22142857142857145
624,US.CBSA,"Mount Pleasant, TX Micropolitan Statistical Area",34420,9.0,7.4,0.8222222222222223
625,US.CBSA,"Mount Sterling, KY Micropolitan Statistical Area",34460,16.6,5.9,0.35542168674698793
626,US.CBSA,"Mount Vernon, IL Micropolitan Statistical Area",34500,13.3,8.1,0.6090225563909774
627,US.CBSA,"Mount Vernon, OH Micropolitan Statistical Area",34540,14.8,5.5,0.3716216216216216
628,US.CBSA,"Mount Vernon-Anacortes, WA Metropolitan Statistical Area",34580,16.7,9.0,0.5389221556886228
629,US.CBSA,"Muncie, IN Metropolitan Statistical Area",34620,15.3,6.1,0.3986928104575163
630,US.CBSA,"Murray, KY Micropolitan Statistical Area",34660,18.8,4.7,0.25
631,US.CBSA,"Muscatine, IA Micropolitan Statistical Area",34700,10.1,4.6,0.4554455445544554
632,US.CBSA,"Muskegon, MI Metropolitan Statistical Area",34740,21.6,10.2,0.47222222222222215
633,US.CBSA,"Muskogee, OK Micropolitan Statistical Area",34780,10.5,5.1,0.48571428571428565
634,US.CBSA,"Myrtle Beach-Conway-North Myrtle Beach, SC-NC Metropolitan Statistical Area",34820,12.1,6.6,0.5454545454545454
635,US.CBSA,"Nacogdoches, TX Micropolitan Statistical Area",34860,11.9,7.3,0.6134453781512604
636,US.CBSA,"Napa, CA Metropolitan Statistical Area",34900,14.1,7.5,0.5319148936170213
637,US.CBSA,"Naples-Marco Island, FL Metropolitan Statistical Area",34940,7.6,5.7,0.7500000000000001
638,US.CBSA,"Nashville-Davidson--Murfreesboro--Franklin, TN Metropolitan Statistical Area",34980,10.3,6.1,0.5922330097087378
639,US.CBSA,"Natchez, MS-LA Micropolitan Statistical Area",35020,15.4,9.1,0.5909090909090908
640,US.CBSA,"Natchitoches, LA Micropolitan Statistical Area",35060,22.1,7.1,0.3212669683257918
641,US.CBSA,"New Bern, NC Metropolitan Statistical Area",35100,12.3,6.2,0.5040650406504065
642,US.CBSA,"Newberry, SC Micropolitan Statistical Area",35140,11.2,3.9,0.34821428571428575
643,US.CBSA,"New Castle, IN Micropolitan Statistical Area",35220,13.7,5.0,0.36496350364963503
644,US.CBSA,"New Castle, PA Micropolitan Statistical Area",35260,20.5,8.6,0.4195121951219512
645,US.CBSA,"New Haven-Milford, CT Metropolitan Statistical Area",35300,9.9,7.1,0.7171717171717171
646,US.CBSA,"New Orleans-Metairie, LA Metropolitan Statistical Area",35380,18.6,9.4,0.5053763440860215
647,US.CBSA,"New Philadelphia-Dover, OH Micropolitan Statistical Area",35420,14.0,6.8,0.4857142857142857
648,US.CBSA,"Newport, OR Micropolitan Statistical Area",35440,12.1,9.8,0.8099173553719009
649,US.CBSA,"Newport, TN Micropolitan Statistical Area",35460,14.2,7.2,0.5070422535211268
650,US.CBSA,"New Ulm, MN Micropolitan Statistical Area",35580,11.5,3.5,0.30434782608695654
651,US.CBSA,"New York-Newark-Jersey City, NY-NJ-PA Metropolitan Statistical Area",35620,13.2,9.4,0.7121212121212122
652,US.CBSA,"Niles, MI Metropolitan Statistical Area",35660,21.0,7.7,0.3666666666666667
653,US.CBSA,"Nogales, AZ Micropolitan Statistical Area",35700,13.7,11.2,0.8175182481751825
654,US.CBSA,"Norfolk, NE Micropolitan Statistical Area",35740,7.6,3.6,0.4736842105263158
655,US.CBSA,"North Platte, NE Micropolitan Statistical Area",35820,8.9,2.7,0.30337078651685395
656,US.CBSA,"North Port-Sarasota-Bradenton, FL Metropolitan Statistical Area",35840,7.7,5.2,0.6753246753246753
657,US.CBSA,"North Vernon, IN Micropolitan Statistical Area",35860,12.5,5.2,0.41600000000000004
658,US.CBSA,"North Wilkesboro, NC Micropolitan Statistical Area",35900,12.4,5.8,0.46774193548387094
659,US.CBSA,"Norwalk, OH Micropolitan Statistical Area",35940,14.7,7.0,0.4761904761904762
660,US.CBSA,"Norwich-New London, CT Metropolitan Statistical Area",35980,10.2,9.1,0.8921568627450981
661,US.CBSA,"Oak Harbor, WA Micropolitan Statistical Area",36020,15.8,8.0,0.5063291139240506
662,US.CBSA,"Ocala, FL Metropolitan Statistical Area",36100,9.1,5.3,0.5824175824175825
663,US.CBSA,"Ocean City, NJ Metropolitan Statistical Area",36140,15.4,6.8,0.44155844155844154
664,US.CBSA,"Odessa, TX Metropolitan Statistical Area",36220,9.8,13.0,1.3265306122448979
665,US.CBSA,"Ogden-Clearfield, UT Metropolitan Statistical Area",36260,7.0,4.2,0.6
666,US.CBSA,"Ogdensburg-Massena, NY Micropolitan Statistical Area",36300,13.5,4.9,0.362962962962963
667,US.CBSA,"Oil City, PA Micropolitan Statistical Area",36340,21.0,7.3,0.3476190476190476
668,US.CBSA,"Okeechobee, FL Micropolitan Statistical Area",36380,10.0,4.2,0.42000000000000004
669,US.CBSA,"Oklahoma City, OK Metropolitan Statistical Area",36420,9.9,5.1,0.5151515151515151
670,US.CBSA,"Olean, NY Micropolitan Statistical Area",36460,12.0,5.8,0.48333333333333334
671,US.CBSA,"Olympia-Lacey-Tumwater, WA Metropolitan Statistical Area",36500,17.0,7.9,0.4647058823529412
672,US.CBSA,"Omaha-Council Bluffs, NE-IA Metropolitan Statistical Area",36540,9.7,3.9,0.4020618556701031
673,US.CBSA,"Oneonta, NY Micropolitan Statistical Area",36580,12.5,4.9,0.392
674,US.CBSA,"Ontario, OR-ID Micropolitan Statistical Area",36620,11.9,4.9,0.411764705882353
675,US.CBSA,"Opelousas, LA Micropolitan Statistical Area",36660,16.3,8.8,0.5398773006134969
676,US.CBSA,"Orangeburg, SC Micropolitan Statistical Area",36700,12.6,7.9,0.626984126984127
677,US.CBSA,"Orlando-Kissimmee-Sanford, FL Metropolitan Statistical Area",36740,8.6,9.2,1.069767441860465
678,US.CBSA,"Oshkosh-Neenah, WI Metropolitan Statistical Area",36780,11.1,3.5,0.3153153153153153
679,US.CBSA,"Oskaloosa, IA Micropolitan Statistical Area",36820,11.8,3.7,0.3135593220338983
680,US.CBSA,"Othello, WA Micropolitan Statistical Area",36830,12.8,5.5,0.4296875
681,US.CBSA,"Ottawa, IL Micropolitan Statistical Area",36837,12.7,7.8,0.6141732283464567
682,US.CBSA,"Ottawa, KS Micropolitan Statistical Area",36840,12.1,5.2,0.4297520661157025
683,US.CBSA,"Ottumwa, IA Micropolitan Statistical Area",36900,11.8,5.0,0.423728813559322
684,US.CBSA,"Owatonna, MN Micropolitan Statistical Area",36940,13.1,4.2,0.3206106870229008
685,US.CBSA,"Owensboro, KY Metropolitan Statistical Area",36980,16.2,4.7,0.29012345679012347
686,US.CBSA,"Oxford, MS Micropolitan Statistical Area",37060,11.4,4.7,0.41228070175438597
687,US.CBSA,"Oxnard-Thousand Oaks-Ventura, CA Metropolitan Statistical Area",37100,14.1,8.3,0.5886524822695036
688,US.CBSA,"Ozark, AL Micropolitan Statistical Area",37120,14.2,5.4,0.3802816901408451
689,US.CBSA,"Paducah, KY-IL Micropolitan Statistical Area",37140,16.0,6.1,0.38125
690,US.CBSA,"Pahrump, NV Micropolitan Statistical Area",37220,20.8,9.0,0.43269230769230765
691,US.CBSA,"Palatka, FL Micropolitan Statistical Area",37260,9.3,6.4,0.6881720430107526
692,US.CBSA,"Palestine, TX Micropolitan Statistical Area",37300,7.6,6.4,0.8421052631578948
693,US.CBSA,"Palm Bay-Melbourne-Titusville, FL Metropolitan Statistical Area",37340,8.3,5.2,0.6265060240963856
694,US.CBSA,"Pampa, TX Micropolitan Statistical Area",37420,8.5,9.0,1.0588235294117647
695,US.CBSA,"Panama City, FL Metropolitan Statistical Area",37460,7.6,4.3,0.5657894736842105
696,US.CBSA,"Paragould, AR Micropolitan Statistical Area",37500,11.4,6.0,0.5263157894736842
697,US.CBSA,"Paris, TN Micropolitan Statistical Area",37540,11.9,5.3,0.4453781512605042
698,US.CBSA,"Paris, TX Micropolitan Statistical Area",37580,8.4,6.8,0.8095238095238094
699,US.CBSA,"Parkersburg-Vienna, WV Metropolitan Statistical Area",37620,9.6,8.1,0.84375
700,US.CBSA,"Parsons, KS Micropolitan Statistical Area",37660,10.5,5.6,0.5333333333333333
701,US.CBSA,"Payson, AZ Micropolitan Statistical Area",37740,13.8,6.3,0.45652173913043476
702,US.CBSA,"Pearsall, TX Micropolitan Statistical Area",37770,10.0,6.2,0.62
703,US.CBSA,"Pecos, TX Micropolitan Statistical Area",37780,9.2,6.5,0.7065217391304348
704,US.CBSA,"Pella, IA Micropolitan Statistical Area",37800,10.9,3.2,0.29357798165137616
705,US.CBSA,"Pensacola-Ferry Pass-Brent, FL Metropolitan Statistical Area",37860,8.1,4.5,0.5555555555555556
706,US.CBSA,"Peoria, IL Metropolitan Statistical Area",37900,11.5,8.6,0.7478260869565218
707,US.CBSA,"Peru, IN Micropolitan Statistical Area",37940,14.7,6.4,0.435374149659864
708,US.CBSA,"Philadelphia-Camden-Wilmington, PA-NJ-DE-MD Metropolitan Statistical Area",37980,18.9,8.1,0.4285714285714286
709,US.CBSA,"Phoenix-Mesa-Chandler, AZ Metropolitan Statistical Area",38060,11.4,6.2,0.543859649122807
710,US.CBSA,"Picayune, MS Micropolitan Statistical Area",38100,12.7,6.6,0.5196850393700787
711,US.CBSA,"Pierre, SD Micropolitan Statistical Area",38180,4.0,2.7,0.675
712,US.CBSA,"Pine Bluff, AR Metropolitan Statistical Area",38220,14.6,9.4,0.6438356164383562
713,US.CBSA,"Pinehurst-Southern Pines, NC Micropolitan Statistical Area",38240,12.0,6.2,0.5166666666666667
714,US.CBSA,"Pittsburg, KS Micropolitan Statistical Area",38260,12.7,5.4,0.42519685039370086
715,US.CBSA,"Pittsburgh, PA Metropolitan Statistical Area",38300,20.0,7.9,0.395
716,US.CBSA,"Pittsfield, MA Metropolitan Statistical Area",38340,15.9,10.0,0.6289308176100629
717,US.CBSA,"Plainview, TX Micropolitan Statistical Area",38380,10.1,6.8,0.6732673267326733
718,US.CBSA,"Platteville, WI Micropolitan Statistical Area",38420,11.7,3.6,0.3076923076923077
719,US.CBSA,"Plattsburgh, NY Micropolitan Statistical Area",38460,11.1,4.8,0.43243243243243246
720,US.CBSA,"Plymouth, IN Micropolitan Statistical Area",38500,13.3,5.0,0.37593984962406013
721,US.CBSA,"Pocatello, ID Metropolitan Statistical Area",38540,12.5,5.7,0.456
722,US.CBSA,"Point Pleasant, WV-OH Micropolitan Statistical Area",38580,12.2,7.8,0.639344262295082
723,US.CBSA,"Ponca City, OK Micropolitan Statistical Area",38620,11.6,5.7,0.4913793103448276
724,US.CBSA,"Pontiac, IL Micropolitan Statistical Area",38700,10.4,5.9,0.5673076923076923
725,US.CBSA,"Poplar Bluff, MO Micropolitan Statistical Area",38740,13.3,4.1,0.3082706766917293
726,US.CBSA,"Portales, NM Micropolitan Statistical Area",38780,16.7,7.4,0.44311377245508987
727,US.CBSA,"Port Angeles, WA Micropolitan Statistical Area",38820,17.8,9.7,0.544943820224719
728,US.CBSA,"Portland-South Portland, ME Metropolitan Statistical Area",38860,13.6,5.5,0.40441176470588236
729,US.CBSA,"Portland-Vancouver-Hillsboro, OR-WA Metropolitan Statistical Area",38900,10.6,7.9,0.7452830188679246
730,US.CBSA,"Port Lavaca, TX Micropolitan Statistical Area",38920,7.8,6.4,0.8205128205128206
731,US.CBSA,"Port St. Lucie, FL Metropolitan Statistical Area",38940,8.1,5.7,0.7037037037037037
732,US.CBSA,"Portsmouth, OH Micropolitan Statistical Area",39020,16.1,8.3,0.515527950310559
733,US.CBSA,"Pottsville, PA Micropolitan Statistical Area",39060,20.2,7.6,0.37623762376237624
734,US.CBSA,"Poughkeepsie-Newburgh-Middletown, NY Metropolitan Statistical Area",39100,12.3,,
735,US.CBSA,"Prescott Valley-Prescott, AZ Metropolitan Statistical Area",39150,13.1,5.6,0.42748091603053434
736,US.CBSA,"Price, UT Micropolitan Statistical Area",39220,10.1,5.4,0.5346534653465347
737,US.CBSA,"Prineville, OR Micropolitan Statistical Area",39260,10.3,7.7,0.7475728155339806
738,US.CBSA,"Providence-Warwick, RI-MA Metropolitan Statistical Area",39300,18.2,10.1,0.554945054945055
739,US.CBSA,"Provo-Orem, UT Metropolitan Statistical Area",39340,7.4,3.8,0.5135135135135135
740,US.CBSA,"Pueblo, CO Metropolitan Statistical Area",39380,10.6,7.5,0.7075471698113208
741,US.CBSA,"Pullman, WA Micropolitan Statistical Area",39420,18.0,6.2,0.34444444444444444
742,US.CBSA,"Punta Gorda, FL Metropolitan Statistical Area",39460,9.1,5.5,0.6043956043956045
743,US.CBSA,"Quincy, IL-MO Micropolitan Statistical Area",39500,10.8,5.1,0.47222222222222215
744,US.CBSA,"Racine, WI Metropolitan Statistical Area",39540,12.8,5.5,0.4296875
745,US.CBSA,"Raleigh-Cary, NC Metropolitan Statistical Area",39580,9.9,6.1,0.6161616161616161
746,US.CBSA,"Rapid City, SD Metropolitan Statistical Area",39660,7.1,4.2,0.591549295774648
747,US.CBSA,"Raymondville, TX Micropolitan Statistical Area",39700,11.8,12.2,1.0338983050847457
748,US.CBSA,"Reading, PA Metropolitan Statistical Area",39740,21.2,7.7,0.36320754716981135
749,US.CBSA,"Red Bluff, CA Micropolitan Statistical Area",39780,15.3,8.0,0.5228758169934641
750,US.CBSA,"Redding, CA Metropolitan Statistical Area",39820,13.9,7.7,0.5539568345323741
751,US.CBSA,"Red Wing, MN Micropolitan Statistical Area",39860,12.9,4.3,0.3333333333333333
752,US.CBSA,"Reno, NV Metropolitan Statistical Area",39900,16.9,6.7,0.39644970414201186
753,US.CBSA,"Rexburg, ID Micropolitan Statistical Area",39940,14.2,3.4,0.23943661971830987
754,US.CBSA,"Richmond, IN Micropolitan Statistical Area",39980,13.8,6.5,0.47101449275362317
755,US.CBSA,"Richmond, VA Metropolitan Statistical Area",40060,10.6,6.8,0.6415094339622641
756,US.CBSA,"Richmond-Berea, KY Micropolitan Statistical Area",40080,18.8,5.0,0.26595744680851063
757,US.CBSA,"Rio Grande City-Roma, TX Micropolitan Statistical Area",40100,16.7,18.2,1.089820359281437
758,US.CBSA,"Riverside-San Bernardino-Ontario, CA Metropolitan Statistical Area",40140,17.5,10.2,0.5828571428571429
759,US.CBSA,"Riverton, WY Micropolitan Statistical Area",40180,9.3,5.7,0.6129032258064516
760,US.CBSA,"Roanoke, VA Metropolitan Statistical Area",40220,10.1,5.6,0.5544554455445544
761,US.CBSA,"Roanoke Rapids, NC Micropolitan Statistical Area",40260,13.2,8.9,0.6742424242424243
762,US.CBSA,"Rochelle, IL Micropolitan Statistical Area",40300,11.9,7.0,0.5882352941176471
763,US.CBSA,"Rochester, MN Metropolitan Statistical Area",40340,12.4,4.2,0.33870967741935487
764,US.CBSA,"Rochester, NY Metropolitan Statistical Area",40380,11.9,6.1,0.5126050420168067
765,US.CBSA,"Rockford, IL Metropolitan Statistical Area",40420,14.2,10.1,0.7112676056338029
766,US.CBSA,"Rockingham, NC Micropolitan Statistical Area",40460,13.9,9.1,0.6546762589928057
767,US.CBSA,"Rockport, TX Micropolitan Statistical Area",40530,8.9,,
768,US.CBSA,"Rock Springs, WY Micropolitan Statistical Area",40540,9.2,6.9,0.7500000000000001
769,US.CBSA,"Rocky Mount, NC Metropolitan Statistical Area",40580,12.4,9.4,0.7580645161290323
770,US.CBSA,"Rolla, MO Micropolitan Statistical Area",40620,13.1,3.3,0.25190839694656486
771,US.CBSA,"Rome, GA Metropolitan Statistical Area",40660,14.6,4.9,0.3356164383561644
772,US.CBSA,"Roseburg, OR Micropolitan Statistical Area",40700,11.1,7.3,0.6576576576576577
773,US.CBSA,"Roswell, NM Micropolitan Statistical Area",40740,12.4,10.2,0.8225806451612903
774,US.CBSA,"Ruidoso, NM Micropolitan Statistical Area",40760,13.0,10.2,0.7846153846153846
775,US.CBSA,"Russellville, AR Micropolitan Statistical Area",40780,12.4,6.0,0.48387096774193544
776,US.CBSA,"Ruston, LA Micropolitan Statistical Area",40820,20.4,6.0,0.29411764705882354
777,US.CBSA,"Rutland, VT Micropolitan Statistical Area",40860,13.5,5.2,0.3851851851851852
778,US.CBSA,"Sacramento-Roseville-Folsom, CA Metropolitan Statistical Area",40900,15.2,8.7,0.5723684210526315
779,US.CBSA,"Safford, AZ Micropolitan Statistical Area",40940,15.6,5.4,0.3461538461538462
780,US.CBSA,"Saginaw, MI Metropolitan Statistical Area",40980,21.9,8.7,0.3972602739726027
781,US.CBSA,"St. Cloud, MN Metropolitan Statistical Area",41060,13.8,4.5,0.32608695652173914
782,US.CBSA,"St. George, UT Metropolitan Statistical Area",41100,8.8,5.3,0.6022727272727272
783,US.CBSA,"St. Joseph, MO-KS Metropolitan Statistical Area",41140,10.7,3.3,0.308411214953271
784,US.CBSA,"St. Louis, MO-IL Metropolitan Statistical Area",41180,12.0,5.5,0.4583333333333333
785,US.CBSA,"St. Marys, GA Micropolitan Statistical Area",41220,15.5,4.3,0.27741935483870966
786,US.CBSA,"St. Marys, PA Micropolitan Statistical Area",41260,18.6,9.5,0.510752688172043
787,US.CBSA,"Salem, OH Micropolitan Statistical Area",41400,16.0,8.9,0.55625
788,US.CBSA,"Salem, OR Metropolitan Statistical Area",41420,9.5,6.8,0.7157894736842105
789,US.CBSA,"Salina, KS Micropolitan Statistical Area",41460,11.9,5.0,0.42016806722689076
790,US.CBSA,"Salinas, CA Metropolitan Statistical Area",41500,13.4,8.6,0.6417910447761194
791,US.CBSA,"Salisbury, MD-DE Metropolitan Statistical Area",41540,12.9,7.2,0.5581395348837209
792,US.CBSA,"Salt Lake City, UT Metropolitan Statistical Area",41620,7.5,5.2,0.6933333333333334
793,US.CBSA,"San Angelo, TX Metropolitan Statistical Area",41660,7.8,7.0,0.8974358974358975
794,US.CBSA,"San Antonio-New Braunfels, TX Metropolitan Statistical Area",41700,9.7,7.7,0.7938144329896908
795,US.CBSA,"San Diego-Chula Vista-Carlsbad, CA Metropolitan Statistical Area",41740,15.5,8.9,0.5741935483870968
796,US.CBSA,"Sandpoint, ID Micropolitan Statistical Area",41760,10.7,7.3,0.6822429906542057
797,US.CBSA,"Sandusky, OH Micropolitan Statistical Area",41780,17.6,8.7,0.4943181818181817
798,US.CBSA,"Sanford, NC Micropolitan Statistical Area",41820,11.2,7.3,0.6517857142857143
799,US.CBSA,"San Francisco-Oakland-Berkeley, CA Metropolitan Statistical Area",41860,14.2,8.4,0.591549295774648
800,US.CBSA,"San Jose-Sunnyvale-Santa Clara, CA Metropolitan Statistical Area",41940,13.6,7.0,0.5147058823529412
801,US.CBSA,"San Luis Obispo-Paso Robles, CA Metropolitan Statistical Area",42020,14.1,7.2,0.5106382978723405
802,US.CBSA,"Santa Cruz-Watsonville, CA Metropolitan Statistical Area",42100,13.2,8.1,0.6136363636363636
803,US.CBSA,"Santa Fe, NM Metropolitan Statistical Area",42140,11.2,9.7,0.8660714285714286
804,US.CBSA,"Santa Maria-Santa Barbara, CA Metropolitan Statistical Area",42200,14.5,7.3,0.503448275862069
805,US.CBSA,"Santa Rosa-Petaluma, CA Metropolitan Statistical Area",42220,14.5,7.2,0.496551724137931
806,US.CBSA,"Sault Ste. Marie, MI Micropolitan Statistical Area",42300,24.3,6.8,0.27983539094650206
807,US.CBSA,"Savannah, GA Metropolitan Statistical Area",42340,15.8,6.7,0.4240506329113924
808,US.CBSA,"Sayre, PA Micropolitan Statistical Area",42380,18.5,5.9,0.31891891891891894
809,US.CBSA,"Scottsbluff, NE Micropolitan Statistical Area",42420,10.0,3.5,0.35
810,US.CBSA,"Scottsboro, AL Micropolitan Statistical Area",42460,11.3,4.9,0.4336283185840708
811,US.CBSA,"Scottsburg, IN Micropolitan Statistical Area",42500,11.6,,
812,US.CBSA,"Scranton--Wilkes-Barre, PA Metropolitan Statistical Area",42540,21.1,9.0,0.42654028436018954
813,US.CBSA,"Searcy, AR Micropolitan Statistical Area",42620,11.2,6.6,0.5892857142857143
814,US.CBSA,"Seattle-Tacoma-Bellevue, WA Metropolitan Statistical Area",42660,15.0,7.5,0.5
815,US.CBSA,"Sebastian-Vero Beach, FL Metropolitan Statistical Area",42680,9.2,5.9,0.641304347826087
816,US.CBSA,"Sebring-Avon Park, FL Metropolitan Statistical Area",42700,11.0,5.9,0.5363636363636364
817,US.CBSA,"Sedalia, MO Micropolitan Statistical Area",42740,11.3,4.4,0.3893805309734513
818,US.CBSA,"Selinsgrove, PA Micropolitan Statistical Area",42780,19.3,4.9,0.2538860103626943
819,US.CBSA,"Selma, AL Micropolitan Statistical Area",42820,17.2,12.0,0.6976744186046512
820,US.CBSA,"Seneca, SC Micropolitan Statistical Area",42860,11.3,3.5,0.30973451327433627
821,US.CBSA,"Seneca Falls, NY Micropolitan Statistical Area",42900,9.9,5.2,0.5252525252525253
822,US.CBSA,"Sevierville, TN Micropolitan Statistical Area",42940,15.3,6.2,0.40522875816993464
823,US.CBSA,"Seymour, IN Micropolitan Statistical Area",42980,12.6,5.0,0.39682539682539686
824,US.CBSA,"Shawano, WI Micropolitan Statistical Area",43020,12.0,4.8,0.39999999999999997
825,US.CBSA,"Shawnee, OK Micropolitan Statistical Area",43060,11.7,5.2,0.4444444444444445
826,US.CBSA,"Sheboygan, WI Metropolitan Statistical Area",43100,11.1,3.7,0.33333333333333337
827,US.CBSA,"Shelby, NC Micropolitan Statistical Area",43140,14.1,7.5,0.5319148936170213
828,US.CBSA,"Shelbyville, TN Micropolitan Statistical Area",43180,10.8,5.7,0.5277777777777778
829,US.CBSA,"Shelton, WA Micropolitan Statistical Area",43220,16.3,10.4,0.6380368098159509
830,US.CBSA,"Sheridan, WY Micropolitan Statistical Area",43260,6.4,4.0,0.625
831,US.CBSA,"Sherman-Denison, TX Metropolitan Statistical Area",43300,10.1,6.0,0.594059405940594
832,US.CBSA,"Show Low, AZ Micropolitan Statistical Area",43320,18.0,8.3,0.46111111111111114
833,US.CBSA,"Shreveport-Bossier City, LA Metropolitan Statistical Area",43340,18.3,7.6,0.4153005464480874
834,US.CBSA,"Sidney, OH Micropolitan Statistical Area",43380,13.6,6.4,0.4705882352941177
835,US.CBSA,"Sierra Vista-Douglas, AZ Metropolitan Statistical Area",43420,12.6,5.5,0.4365079365079365
836,US.CBSA,"Sikeston, MO Micropolitan Statistical Area",43460,11.5,3.7,0.32173913043478264
837,US.CBSA,"Silver City, NM Micropolitan Statistical Area",43500,14.2,11.5,0.8098591549295775
838,US.CBSA,"Sioux City, IA-NE-SD Metropolitan Statistical Area",43580,12.2,3.9,0.319672131147541
839,US.CBSA,"Sioux Falls, SD Metropolitan Statistical Area",43620,6.2,3.4,0.5483870967741935
840,US.CBSA,"Snyder, TX Micropolitan Statistical Area",43660,8.5,8.7,1.0235294117647058
841,US.CBSA,"Somerset, KY Micropolitan Statistical Area",43700,17.8,5.3,0.29775280898876405
842,US.CBSA,"Somerset, PA Micropolitan Statistical Area",43740,21.3,7.1,0.3333333333333333
843,US.CBSA,"Sonora, CA Micropolitan Statistical Area",43760,15.0,9.4,0.6266666666666667
844,US.CBSA,"South Bend-Mishawaka, IN-MI Metropolitan Statistical Area",43780,14.9,7.3,0.4899328859060402
845,US.CBSA,"Spartanburg, SC Metropolitan Statistical Area",43900,9.8,5.4,0.5510204081632653
846,US.CBSA,"Spearfish, SD Micropolitan Statistical Area",43940,6.9,4.0,0.5797101449275363
847,US.CBSA,"Spencer, IA Micropolitan Statistical Area",43980,9.9,3.5,0.35353535353535354
848,US.CBSA,"Spirit Lake, IA Micropolitan Statistical Area",44020,10.3,3.5,0.3398058252427184
849,US.CBSA,"Spokane-Spokane Valley, WA Metropolitan Statistical Area",44060,16.3,8.5,0.5214723926380368
850,US.CBSA,"Springfield, IL Metropolitan Statistical Area",44100,11.6,7.8,0.6724137931034483
851,US.CBSA,"Springfield, MA Metropolitan Statistical Area",44140,15.8,10.0,0.6329113924050632
852,US.CBSA,"Springfield, MO Metropolitan Statistical Area",44180,11.7,3.4,0.2905982905982906
853,US.CBSA,"Springfield, OH Metropolitan Statistical Area",44220,16.2,7.4,0.45679012345679015
854,US.CBSA,"Starkville, MS Micropolitan Statistical Area",44260,13.0,6.4,0.49230769230769234
855,US.CBSA,"State College, PA Metropolitan Statistical Area",44300,20.5,4.5,0.21951219512195122
856,US.CBSA,"Statesboro, GA Micropolitan Statistical Area",44340,16.1,5.9,0.3664596273291925
857,US.CBSA,"Staunton, VA Metropolitan Statistical Area",44420,8.8,4.7,0.5340909090909091
858,US.CBSA,"Steamboat Springs, CO Micropolitan Statistical Area",44460,7.5,5.8,0.7733333333333333
859,US.CBSA,"Stephenville, TX Micropolitan Statistical Area",44500,9.5,5.9,0.6210526315789474
860,US.CBSA,"Sterling, CO Micropolitan Statistical Area",44540,9.0,4.0,0.4444444444444444
861,US.CBSA,"Sterling, IL Micropolitan Statistical Area",44580,11.8,7.1,0.6016949152542372
862,US.CBSA,"Stevens Point, WI Micropolitan Statistical Area",44620,12.7,3.9,0.30708661417322836
863,US.CBSA,"Stillwater, OK Micropolitan Statistical Area",44660,9.8,4.1,0.4183673469387754
864,US.CBSA,"Stockton, CA Metropolitan Statistical Area",44700,16.5,11.2,0.6787878787878787
865,US.CBSA,"Storm Lake, IA Micropolitan Statistical Area",44740,12.1,3.1,0.25619834710743805
866,US.CBSA,"Sturgis, MI Micropolitan Statistical Area",44780,18.9,7.3,0.3862433862433863
867,US.CBSA,"Sulphur Springs, TX Micropolitan Statistical Area",44860,8.7,5.7,0.6551724137931035
868,US.CBSA,"Summerville, GA Micropolitan Statistical Area",44900,17.5,6.5,0.37142857142857144
869,US.CBSA,"Sumter, SC Metropolitan Statistical Area",44940,12.6,5.8,0.4603174603174603
870,US.CBSA,"Sunbury, PA Micropolitan Statistical Area",44980,19.9,7.6,0.38190954773869346
871,US.CBSA,"Susanville, CA Micropolitan Statistical Area",45000,11.8,6.1,0.5169491525423728
872,US.CBSA,"Sweetwater, TX Micropolitan Statistical Area",45020,8.9,5.9,0.6629213483146068
873,US.CBSA,"Syracuse, NY Metropolitan Statistical Area",45060,12.0,6.0,0.5
874,US.CBSA,"Tahlequah, OK Micropolitan Statistical Area",45140,11.7,4.7,0.4017094017094017
875,US.CBSA,"Talladega-Sylacauga, AL Micropolitan Statistical Area",45180,13.9,6.7,0.48201438848920863
876,US.CBSA,"Tallahassee, FL Metropolitan Statistical Area",45220,9.1,4.7,0.5164835164835165
877,US.CBSA,"Tampa-St. Petersburg-Clearwater, FL Metropolitan Statistical Area",45300,7.8,5.7,0.7307692307692308
878,US.CBSA,"Taos, NM Micropolitan Statistical Area",45340,15.1,13.0,0.8609271523178809
879,US.CBSA,"Taylorville, IL Micropolitan Statistical Area",45380,9.8,7.5,0.7653061224489796
880,US.CBSA,"Terre Haute, IN Metropolitan Statistical Area",45460,14.1,6.0,0.425531914893617
881,US.CBSA,"Texarkana, TX-AR Metropolitan Statistical Area",45500,11.8,7.2,0.6101694915254237
882,US.CBSA,"The Dalles, OR Micropolitan Statistical Area",45520,9.6,6.5,0.6770833333333334
883,US.CBSA,"The Villages, FL Metropolitan Statistical Area",45540,7.5,5.7,0.76
884,US.CBSA,"Thomaston, GA Micropolitan Statistical Area",45580,14.5,6.4,0.44137931034482764
885,US.CBSA,"Thomasville, GA Micropolitan Statistical Area",45620,15.2,6.6,0.4342105263157895
886,US.CBSA,"Tiffin, OH Micropolitan Statistical Area",45660,14.9,6.5,0.436241610738255
887,US.CBSA,"Tifton, GA Micropolitan Statistical Area",45700,12.4,5.0,0.4032258064516129
888,US.CBSA,"Toccoa, GA Micropolitan Statistical Area",45740,16.2,5.4,0.33333333333333337
889,US.CBSA,"Toledo, OH Metropolitan Statistical Area",45780,16.7,8.4,0.502994011976048
890,US.CBSA,"Topeka, KS Metropolitan Statistical Area",45820,12.1,5.3,0.4380165289256198
891,US.CBSA,"Torrington, CT Micropolitan Statistical Area",45860,9.0,7.5,0.8333333333333334
892,US.CBSA,"Traverse City, MI Micropolitan Statistical Area",45900,21.0,6.1,0.29047619047619044
893,US.CBSA,"Trenton-Princeton, NJ Metropolitan Statistical Area",45940,15.3,5.1,0.3333333333333333
894,US.CBSA,"Troy, AL Micropolitan Statistical Area",45980,13.4,5.3,0.39552238805970147
895,US.CBSA,"Truckee-Grass Valley, CA Micropolitan Statistical Area",46020,14.0,7.4,0.5285714285714286
896,US.CBSA,"Tucson, AZ Metropolitan Statistical Area",46060,13.5,6.3,0.4666666666666667
897,US.CBSA,"Tullahoma-Manchester, TN Micropolitan Statistical Area",46100,11.8,5.1,0.43220338983050843
898,US.CBSA,"Tulsa, OK Metropolitan Statistical Area",46140,10.2,5.7,0.5588235294117647
899,US.CBSA,"Tupelo, MS Micropolitan Statistical Area",46180,10.7,5.9,0.5514018691588786
900,US.CBSA,"Tuscaloosa, AL Metropolitan Statistical Area",46220,12.9,7.1,0.5503875968992248
901,US.CBSA,"Twin Falls, ID Metropolitan Statistical Area",46300,11.7,5.1,0.4358974358974359
902,US.CBSA,"Tyler, TX Metropolitan Statistical Area",46340,9.3,7.1,0.7634408602150536
903,US.CBSA,"Ukiah, CA Micropolitan Statistical Area",46380,15.2,8.3,0.5460526315789475
904,US.CBSA,"Union, SC Micropolitan Statistical Area",46420,9.9,,
905,US.CBSA,"Union City, TN Micropolitan Statistical Area",46460,12.5,5.6,0.44799999999999995
906,US.CBSA,"Urbana, OH Micropolitan Statistical Area",46500,16.0,6.1,0.38125
907,US.CBSA,"Urban Honolulu, HI Metropolitan Statistical Area",46520,18.5,13.6,0.7351351351351351
908,US.CBSA,"Utica-Rome, NY Metropolitan Statistical Area",46540,11.6,5.6,0.48275862068965514
909,US.CBSA,"Uvalde, TX Micropolitan Statistical Area",46620,8.8,7.2,0.8181818181818181
910,US.CBSA,"Valdosta, GA Metropolitan Statistical Area",46660,16.3,5.5,0.3374233128834356
911,US.CBSA,"Vallejo, CA Metropolitan Statistical Area",46700,15.6,9.6,0.6153846153846154
912,US.CBSA,"Van Wert, OH Micropolitan Statistical Area",46780,14.6,5.0,0.3424657534246575
913,US.CBSA,"Vermillion, SD Micropolitan Statistical Area",46820,10.2,3.3,0.3235294117647059
914,US.CBSA,"Vernal, UT Micropolitan Statistical Area",46860,11.4,10.9,0.956140350877193
915,US.CBSA,"Vernon, TX Micropolitan Statistical Area",46900,8.3,6.3,0.7590361445783131
916,US.CBSA,"Vicksburg, MS Micropolitan Statistical Area",46980,12.5,8.5,0.68
917,US.CBSA,"Victoria, TX Metropolitan Statistical Area",47020,8.1,8.7,1.074074074074074
918,US.CBSA,"Vidalia, GA Micropolitan Statistical Area",47080,13.7,6.0,0.43795620437956206
919,US.CBSA,"Vincennes, IN Micropolitan Statistical Area",47180,13.5,4.5,0.3333333333333333
920,US.CBSA,"Vineland-Bridgeton, NJ Metropolitan Statistical Area",47220,15.5,6.7,0.432258064516129
921,US.CBSA,"Vineyard Haven, MA Micropolitan Statistical Area",47240,14.2,6.6,0.4647887323943662
922,US.CBSA,"Virginia Beach-Norfolk-Newport News, VA-NC Metropolitan Statistical Area",47260,11.1,7.2,0.6486486486486487
923,US.CBSA,"Visalia, CA Metropolitan Statistical Area",47300,15.2,11.9,0.7828947368421053
924,US.CBSA,"Wabash, IN Micropolitan Statistical Area",47340,12.6,4.9,0.38888888888888895
925,US.CBSA,"Waco, TX Metropolitan Statistical Area",47380,9.0,6.3,0.7
926,US.CBSA,"Wahpeton, ND-MN Micropolitan Statistical Area",47420,9.9,2.4,0.2424242424242424
927,US.CBSA,"Walla Walla, WA Metropolitan Statistical Area",47460,15.4,6.4,0.4155844155844156
928,US.CBSA,"Wapakoneta, OH Micropolitan Statistical Area",47540,12.7,5.6,0.4409448818897638
929,US.CBSA,"Warner Robins, GA Metropolitan Statistical Area",47580,13.4,4.9,0.3656716417910448
930,US.CBSA,"Warren, PA Micropolitan Statistical Area",47620,19.0,6.7,0.3526315789473684
931,US.CBSA,"Warrensburg, MO Micropolitan Statistical Area",47660,13.2,3.6,0.27272727272727276
932,US.CBSA,"Warsaw, IN Micropolitan Statistical Area",47700,11.3,5.0,0.44247787610619466
933,US.CBSA,"Washington, IN Micropolitan Statistical Area",47780,12.7,3.2,0.2519685039370079
934,US.CBSA,"Washington, NC Micropolitan Statistical Area",47820,12.6,6.3,0.5
935,US.CBSA,"Washington-Arlington-Alexandria, DC-VA-MD-WV Metropolitan Statistical Area",47900,10.5,6.9,0.6571428571428571
936,US.CBSA,"Washington Court House, OH Micropolitan Statistical Area",47920,15.3,7.3,0.4771241830065359
937,US.CBSA,"Waterloo-Cedar Falls, IA Metropolitan Statistical Area",47940,13.0,4.7,0.36153846153846153
938,US.CBSA,"Watertown, SD Micropolitan Statistical Area",47980,4.9,3.9,0.7959183673469387
939,US.CBSA,"Watertown-Fort Atkinson, WI Micropolitan Statistical Area",48020,11.1,3.8,0.34234234234234234
940,US.CBSA,"Watertown-Fort Drum, NY Metropolitan Statistical Area",48060,12.7,5.4,0.42519685039370086
941,US.CBSA,"Wauchula, FL Micropolitan Statistical Area",48100,10.4,5.1,0.4903846153846153
942,US.CBSA,"Wausau-Weston, WI Metropolitan Statistical Area",48140,10.6,3.4,0.32075471698113206
943,US.CBSA,"Waycross, GA Micropolitan Statistical Area",48180,13.5,4.8,0.35555555555555557
944,US.CBSA,"Weatherford, OK Micropolitan Statistical Area",48220,9.4,4.9,0.5212765957446809
945,US.CBSA,"Weirton-Steubenville, WV-OH Metropolitan Statistical Area",48260,12.4,9.7,0.782258064516129
946,US.CBSA,"Wenatchee, WA Metropolitan Statistical Area",48300,14.5,6.8,0.4689655172413793
947,US.CBSA,"West Plains, MO Micropolitan Statistical Area",48460,11.6,4.6,0.396551724137931
948,US.CBSA,"West Point, MS Micropolitan Statistical Area",48500,16.3,10.9,0.6687116564417178
949,US.CBSA,"Wheeling, WV-OH Metropolitan Statistical Area",48540,11.9,8.9,0.7478991596638656
950,US.CBSA,"Whitewater, WI Micropolitan Statistical Area",48580,12.8,4.2,0.328125
951,US.CBSA,"Wichita, KS Metropolitan Statistical Area",48620,12.6,8.0,0.6349206349206349
952,US.CBSA,"Wichita Falls, TX Metropolitan Statistical Area",48660,9.3,7.0,0.7526881720430108
953,US.CBSA,"Williamsport, PA Metropolitan Statistical Area",48700,20.2,7.6,0.37623762376237624
954,US.CBSA,"Williston, ND Micropolitan Statistical Area",48780,9.0,10.4,1.1555555555555557
955,US.CBSA,"Willmar, MN Micropolitan Statistical Area",48820,12.2,3.6,0.2950819672131148
956,US.CBSA,"Wilmington, NC Metropolitan Statistical Area",48900,12.2,6.3,0.5163934426229508
957,US.CBSA,"Wilmington, OH Micropolitan Statistical Area",48940,15.3,7.8,0.5098039215686274
958,US.CBSA,"Wilson, NC Micropolitan Statistical Area",48980,13.3,8.5,0.6390977443609023
959,US.CBSA,"Winchester, VA-WV Metropolitan Statistical Area",49020,9.0,4.7,0.5222222222222223
960,US.CBSA,"Winfield, KS Micropolitan Statistical Area",49060,11.9,6.0,0.5042016806722689
961,US.CBSA,"Winnemucca, NV Micropolitan Statistical Area",49080,17.8,4.5,0.25280898876404495
962,US.CBSA,"Winona, MN Micropolitan Statistical Area",49100,15.0,3.8,0.2533333333333333
963,US.CBSA,"Winston-Salem, NC Metropolitan Statistical Area",49180,11.4,6.8,0.5964912280701754
964,US.CBSA,"Wisconsin Rapids-Marshfield, WI Micropolitan Statistical Area",49220,11.9,4.6,0.38655462184873945
965,US.CBSA,"Woodward, OK Micropolitan Statistical Area",49260,10.7,6.7,0.6261682242990655
966,US.CBSA,"Wooster, OH Micropolitan Statistical Area",49300,13.5,5.4,0.4
967,US.CBSA,"Worcester, MA-CT Metropolitan Statistical Area",49340,14.4,8.9,0.6180555555555556
968,US.CBSA,"Worthington, MN Micropolitan Statistical Area",49380,13.8,3.5,0.25362318840579706
969,US.CBSA,"Yakima, WA Metropolitan Statistical Area",49420,16.2,7.9,0.4876543209876544
970,US.CBSA,"Yankton, SD Micropolitan Statistical Area",49460,6.0,3.8,0.6333333333333333
971,US.CBSA,"York-Hanover, PA Metropolitan Statistical Area",49620,19.5,6.4,0.3282051282051282
972,US.CBSA,"Youngstown-Warren-Boardman, OH-PA Metropolitan Statistical Area",49660,17.1,9.8,0.5730994152046783
973,US.CBSA,"Yuba City, CA Metropolitan Statistical Area",49700,15.8,10.1,0.6392405063291139
974,US.CBSA,"Yuma, AZ Metropolitan Statistical Area",49740,18.7,16.7,0.893048128342246
975,US.CBSA,"Zanesville, OH Micropolitan Statistical Area",49780,16.4,7.2,0.4390243902439025
976,US.CBSA,"Zapata, TX Micropolitan Statistical Area",49820,12.8,13.5,1.0546875
977,US.WholeUSA,United States,99999,13.0,7.9,0.6076923076923078
